Week,StartDate,EndDate,PlayedDays,Wins,Losses,WinRate,BetStake,BetPayout,BetProfit,HoldIncome,HoldLoss,HoldProfit,CombinedProfit
2006-W07,2006-02-18,2006-02-19,2,0,2,0.0%,160,0,-160,1270,1400,-130,-290
2006-W08,2006-02-20,2006-02-26,7,0,7,0.0%,560,0,-560,4445,4900,-455,-1015
2006-W09,2006-02-27,2006-03-05,7,1,6,14.3%,560,700,140,4445,4200,245,385
2006-W10,2006-03-06,2006-03-12,7,2,5,28.6%,560,1400,840,4445,3500,945,1785
2006-W11,2006-03-13,2006-03-19,7,2,5,28.6%,560,1400,840,4445,3500,945,1785
2006-W12,2006-03-20,2006-03-26,7,1,6,14.3%,560,700,140,4445,4200,245,385
2006-W13,2006-03-27,2006-04-02,7,2,5,28.6%,560,1400,840,4445,3500,945,1785
2006-W14,2006-04-03,2006-04-09,7,0,7,0.0%,560,0,-560,4445,4900,-455,-1015
2006-W15,2006-04-10,2006-04-16,7,0,7,0.0%,560,0,-560,4445,4900,-455,-1015
2006-W16,2006-04-17,2006-04-23,7,2,5,28.6%,560,1400,840,4445,3500,945,1785
2006-W17,2006-04-24,2006-04-30,7,0,7,0.0%,560,0,-560,4445,4900,-455,-1015
2006-W18,2006-05-01,2006-05-07,7,2,5,28.6%,560,1400,840,4445,3500,945,1785
2006-W19,2006-05-08,2006-05-14,7,1,6,14.3%,560,700,140,4445,4200,245,385
2006-W20,2006-05-15,2006-05-21,7,0,7,0.0%,560,0,-560,4445,4900,-455,-1015
2006-W21,2006-05-22,2006-05-28,7,1,6,14.3%,560,700,140,4445,4200,245,385
2006-W22,2006-05-29,2006-06-04,7,2,5,28.6%,560,1400,840,4445,3500,945,1785
2006-W23,2006-06-05,2006-06-11,7,3,4,42.9%,560,2100,1540,4445,2800,1645,3185
2006-W24,2006-06-12,2006-06-18,7,3,4,42.9%,560,2100,1540,4445,2800,1645,3185
2006-W25,2006-06-19,2006-06-25,7,4,3,57.1%,560,2800,2240,4445,2100,2345,4585
2006-W26,2006-06-26,2006-07-02,7,0,7,0.0%,560,0,-560,4445,4900,-455,-1015
2006-W27,2006-07-03,2006-07-09,7,1,6,14.3%,560,700,140,4445,4200,245,385
2006-W28,2006-07-10,2006-07-16,7,1,6,14.3%,560,700,140,4445,4200,245,385
2006-W29,2006-07-17,2006-07-23,7,1,6,14.3%,560,700,140,4445,4200,245,385
2006-W30,2006-07-24,2006-07-30,7,1,6,14.3%,560,700,140,4445,4200,245,385
2006-W31,2006-07-31,2006-08-06,7,0,7,0.0%,560,0,-560,4445,4900,-455,-1015
2006-W32,2006-08-07,2006-08-13,7,2,5,28.6%,560,1400,840,4445,3500,945,1785
2006-W33,2006-08-14,2006-08-20,7,2,5,28.6%,560,1400,840,4445,3500,945,1785
2006-W34,2006-08-21,2006-08-27,7,1,6,14.3%,560,700,140,4445,4200,245,385
2006-W35,2006-08-28,2006-09-03,7,1,6,14.3%,560,700,140,4445,4200,245,385
2006-W36,2006-09-04,2006-09-10,7,3,4,42.9%,560,2100,1540,4445,2800,1645,3185
2006-W37,2006-09-11,2006-09-17,7,0,7,0.0%,560,0,-560,4445,4900,-455,-1015
2006-W38,2006-09-18,2006-09-24,7,2,5,28.6%,560,1400,840,4445,3500,945,1785
2006-W39,2006-09-25,2006-10-01,7,0,7,0.0%,560,0,-560,4445,4900,-455,-1015
2006-W40,2006-10-02,2006-10-08,7,0,7,0.0%,560,0,-560,4445,4900,-455,-1015
2006-W41,2006-10-09,2006-10-15,7,1,6,14.3%,560,700,140,4445,4200,245,385
2006-W42,2006-10-16,2006-10-22,7,1,6,14.3%,560,700,140,4445,4200,245,385
2006-W43,2006-10-23,2006-10-29,7,1,6,14.3%,560,700,140,4445,4200,245,385
2006-W44,2006-10-30,2006-11-05,7,1,6,14.3%,560,700,140,4445,4200,245,385
2006-W45,2006-11-06,2006-11-12,7,3,4,42.9%,560,2100,1540,4445,2800,1645,3185
2006-W46,2006-11-13,2006-11-19,7,1,6,14.3%,560,700,140,4445,4200,245,385
2006-W47,2006-11-20,2006-11-26,7,2,5,28.6%,560,1400,840,4445,3500,945,1785
2006-W48,2006-11-27,2006-12-03,7,0,7,0.0%,560,0,-560,4445,4900,-455,-1015
2006-W49,2006-12-04,2006-12-10,7,0,7,0.0%,560,0,-560,4445,4900,-455,-1015
2006-W50,2006-12-11,2006-12-17,7,1,6,14.3%,560,700,140,4445,4200,245,385
2006-W51,2006-12-18,2006-12-24,7,1,6,14.3%,560,700,140,4445,4200,245,385
2006-W52,2006-12-25,2006-12-31,7,0,7,0.0%,568,0,-568,4437,4900,-463,-1031
2007-W01,2007-01-01,2007-01-07,7,1,6,14.3%,560,700,140,4445,4200,245,385
2007-W02,2007-01-08,2007-01-14,7,1,6,14.3%,560,700,140,4445,4200,245,385
2007-W03,2007-01-15,2007-01-21,7,1,6,14.3%,560,700,140,4445,4200,245,385
2007-W04,2007-01-22,2007-01-28,7,1,6,14.3%,560,700,140,4445,4200,245,385
2007-W05,2007-01-29,2007-02-04,7,0,7,0.0%,560,0,-560,4445,4900,-455,-1015
2007-W06,2007-02-05,2007-02-11,7,1,6,14.3%,560,700,140,4445,4200,245,385
2007-W07,2007-02-12,2007-02-18,5,0,5,0.0%,616,0,-616,2984,3500,-516,-1132
2007-W08,2007-02-19,2007-02-25,7,2,5,28.6%,920,1400,480,4127,3500,627,1107
2007-W09,2007-02-26,2007-03-04,7,1,6,14.3%,560,700,140,4445,4200,245,385
2007-W10,2007-03-05,2007-03-11,7,0,7,0.0%,560,0,-560,4445,4900,-455,-1015
2007-W11,2007-03-12,2007-03-18,7,2,5,28.6%,560,1400,840,4445,3500,945,1785
2007-W12,2007-03-19,2007-03-25,7,2,5,28.6%,560,1400,840,4445,3500,945,1785
2007-W13,2007-03-26,2007-04-01,7,0,7,0.0%,560,0,-560,4445,4900,-455,-1015
2007-W14,2007-04-02,2007-04-08,7,5,2,71.4%,560,3500,2940,4445,1400,3045,5985
2007-W15,2007-04-09,2007-04-15,7,4,3,57.1%,560,2800,2240,4445,2100,2345,4585
2007-W16,2007-04-16,2007-04-22,7,0,7,0.0%,560,0,-560,4445,4900,-455,-1015
2007-W17,2007-04-23,2007-04-29,7,0,7,0.0%,560,0,-560,4445,4900,-455,-1015
2007-W18,2007-04-30,2007-05-06,7,3,4,42.9%,560,2100,1540,4445,2800,1645,3185
2007-W19,2007-05-07,2007-05-13,7,2,5,28.6%,560,1400,840,4445,3500,945,1785
2007-W20,2007-05-14,2007-05-20,7,0,7,0.0%,560,0,-560,4445,4900,-455,-1015
2007-W21,2007-05-21,2007-05-27,7,1,6,14.3%,560,700,140,4445,4200,245,385
2007-W22,2007-05-28,2007-06-03,7,1,6,14.3%,560,700,140,4445,4200,245,385
2007-W23,2007-06-04,2007-06-10,7,2,5,28.6%,560,1400,840,4445,3500,945,1785
2007-W24,2007-06-11,2007-06-17,7,1,6,14.3%,560,700,140,4445,4200,245,385
2007-W25,2007-06-18,2007-06-24,7,0,7,0.0%,560,0,-560,4445,4900,-455,-1015
2007-W26,2007-06-25,2007-07-01,7,1,6,14.3%,560,700,140,4445,4200,245,385
2007-W27,2007-07-02,2007-07-08,7,0,7,0.0%,560,0,-560,4445,4900,-455,-1015
2007-W28,2007-07-09,2007-07-15,7,2,5,28.6%,560,1400,840,4445,3500,945,1785
2007-W29,2007-07-16,2007-07-22,7,1,6,14.3%,560,700,140,4445,4200,245,385
2007-W30,2007-07-23,2007-07-29,7,0,7,0.0%,560,0,-560,4445,4900,-455,-1015
2007-W31,2007-07-30,2007-08-05,7,3,4,42.9%,560,2100,1540,4445,2800,1645,3185
2007-W32,2007-08-06,2007-08-12,7,2,5,28.6%,560,1400,840,4445,3500,945,1785
2007-W33,2007-08-13,2007-08-19,7,0,7,0.0%,560,0,-560,4445,4900,-455,-1015
2007-W34,2007-08-20,2007-08-26,7,2,5,28.6%,560,1400,840,4445,3500,945,1785
2007-W35,2007-08-27,2007-09-02,7,2,5,28.6%,560,1400,840,4445,3500,945,1785
2007-W36,2007-09-03,2007-09-09,7,4,3,57.1%,560,2800,2240,4445,2100,2345,4585
2007-W37,2007-09-10,2007-09-16,7,1,6,14.3%,560,700,140,4445,4200,245,385
2007-W38,2007-09-17,2007-09-23,7,1,6,14.3%,560,700,140,4445,4200,245,385
2007-W39,2007-09-24,2007-09-30,7,1,6,14.3%,560,700,140,4445,4200,245,385
2007-W40,2007-10-01,2007-10-07,7,1,6,14.3%,560,700,140,4445,4200,245,385
2007-W41,2007-10-08,2007-10-14,7,3,4,42.9%,560,2100,1540,4445,2800,1645,3185
2007-W42,2007-10-15,2007-10-21,7,1,6,14.3%,560,700,140,4445,4200,245,385
2007-W43,2007-10-22,2007-10-28,7,3,4,42.9%,560,2100,1540,4445,2800,1645,3185
2007-W44,2007-10-29,2007-11-04,7,2,5,28.6%,560,1400,840,4445,3500,945,1785
2007-W45,2007-11-05,2007-11-11,7,1,6,14.3%,560,700,140,4445,4200,245,385
2007-W46,2007-11-12,2007-11-18,7,0,7,0.0%,560,0,-560,4445,4900,-455,-1015
2007-W47,2007-11-19,2007-11-25,7,2,5,28.6%,560,1400,840,4445,3500,945,1785
2007-W48,2007-11-26,2007-12-02,7,0,7,0.0%,560,0,-560,4445,4900,-455,-1015
2007-W49,2007-12-03,2007-12-09,7,3,4,42.9%,560,2100,1540,4445,2800,1645,3185
2007-W50,2007-12-10,2007-12-16,7,0,7,0.0%,560,0,-560,4445,4900,-455,-1015
2007-W51,2007-12-17,2007-12-23,7,0,7,0.0%,560,0,-560,4445,4900,-455,-1015
2007-W52,2007-12-24,2007-12-30,7,0,7,0.0%,560,0,-560,4445,4900,-455,-1015
2008-W01,2007-12-31,2008-01-06,7,0,7,0.0%,560,0,-560,4445,4900,-455,-1015
2008-W02,2008-01-07,2008-01-13,7,1,6,14.3%,560,700,140,4445,4200,245,385
2008-W03,2008-01-14,2008-01-20,7,1,6,14.3%,560,700,140,4445,4200,245,385
2008-W04,2008-01-21,2008-01-27,7,3,4,42.9%,560,2100,1540,4445,2800,1645,3185
2008-W05,2008-01-28,2008-02-03,7,0,7,0.0%,560,0,-560,4445,4900,-455,-1015
2008-W06,2008-02-04,2008-02-10,5,2,3,40.0%,888,1400,512,2744,2100,644,1156
2008-W07,2008-02-11,2008-02-17,7,0,7,0.0%,560,0,-560,4445,4900,-455,-1015
2008-W08,2008-02-18,2008-02-24,7,0,7,0.0%,560,0,-560,4445,4900,-455,-1015
2008-W09,2008-02-25,2008-03-02,7,1,6,14.3%,560,700,140,4445,4200,245,385
2008-W10,2008-03-03,2008-03-09,7,1,6,14.3%,560,700,140,4445,4200,245,385
2008-W11,2008-03-10,2008-03-16,7,2,5,28.6%,560,1400,840,4445,3500,945,1785
2008-W12,2008-03-17,2008-03-23,7,0,7,0.0%,560,0,-560,4445,4900,-455,-1015
2008-W13,2008-03-24,2008-03-30,7,1,6,14.3%,560,700,140,4445,4200,245,385
2008-W14,2008-03-31,2008-04-06,7,1,6,14.3%,560,700,140,4445,4200,245,385
2008-W15,2008-04-07,2008-04-13,7,2,5,28.6%,560,1400,840,4445,3500,945,1785
2008-W16,2008-04-14,2008-04-20,7,2,5,28.6%,560,1400,840,4445,3500,945,1785
2008-W17,2008-04-21,2008-04-27,7,0,7,0.0%,560,0,-560,4445,4900,-455,-1015
2008-W18,2008-04-28,2008-05-04,7,0,7,0.0%,560,0,-560,4445,4900,-455,-1015
2008-W19,2008-05-05,2008-05-11,7,1,6,14.3%,560,700,140,4445,4200,245,385
2008-W20,2008-05-12,2008-05-18,7,0,7,0.0%,560,0,-560,4445,4900,-455,-1015
2008-W21,2008-05-19,2008-05-25,7,2,5,28.6%,560,1400,840,4445,3500,945,1785
2008-W22,2008-05-26,2008-06-01,7,2,5,28.6%,560,1400,840,4445,3500,945,1785
2008-W23,2008-06-02,2008-06-08,7,1,6,14.3%,560,700,140,4445,4200,245,385
2008-W24,2008-06-09,2008-06-15,7,0,7,0.0%,560,0,-560,4445,4900,-455,-1015
2008-W25,2008-06-16,2008-06-22,7,0,7,0.0%,560,0,-560,4445,4900,-455,-1015
2008-W26,2008-06-23,2008-06-29,7,1,6,14.3%,560,700,140,4445,4200,245,385
2008-W27,2008-06-30,2008-07-06,7,1,6,14.3%,560,700,140,4445,4200,245,385
2008-W28,2008-07-07,2008-07-13,7,2,5,28.6%,560,1400,840,4445,3500,945,1785
2008-W29,2008-07-14,2008-07-20,7,2,5,28.6%,560,1400,840,4445,3500,945,1785
2008-W30,2008-07-21,2008-07-27,7,0,7,0.0%,560,0,-560,4445,4900,-455,-1015
2008-W31,2008-07-28,2008-08-03,7,2,5,28.6%,560,1400,840,4445,3500,945,1785
2008-W32,2008-08-04,2008-08-10,7,0,7,0.0%,560,0,-560,4445,4900,-455,-1015
2008-W33,2008-08-11,2008-08-17,7,1,6,14.3%,560,700,140,4445,4200,245,385
2008-W34,2008-08-18,2008-08-24,7,0,7,0.0%,560,0,-560,4445,4900,-455,-1015
2008-W35,2008-08-25,2008-08-31,7,3,4,42.9%,560,2100,1540,4445,2800,1645,3185
2008-W36,2008-09-01,2008-09-07,7,2,5,28.6%,560,1400,840,4445,3500,945,1785
2008-W37,2008-09-08,2008-09-14,7,2,5,28.6%,560,1400,840,4445,3500,945,1785
2008-W38,2008-09-15,2008-09-21,7,0,7,0.0%,560,0,-560,4445,4900,-455,-1015
2008-W39,2008-09-22,2008-09-28,7,0,7,0.0%,560,0,-560,4445,4900,-455,-1015
2008-W40,2008-09-29,2008-10-05,7,1,6,14.3%,560,700,140,4445,4200,245,385
2008-W41,2008-10-06,2008-10-12,7,1,6,14.3%,560,700,140,4445,4200,245,385
2008-W42,2008-10-13,2008-10-19,7,1,6,14.3%,560,700,140,4445,4200,245,385
2008-W43,2008-10-20,2008-10-26,7,2,5,28.6%,560,1400,840,4445,3500,945,1785
2008-W44,2008-10-27,2008-11-02,7,0,7,0.0%,560,0,-560,4445,4900,-455,-1015
2008-W45,2008-11-03,2008-11-09,7,0,7,0.0%,560,0,-560,4445,4900,-455,-1015
2008-W46,2008-11-10,2008-11-16,7,1,6,14.3%,560,700,140,4445,4200,245,385
2008-W47,2008-11-17,2008-11-23,7,1,6,14.3%,560,700,140,4445,4200,245,385
2008-W48,2008-11-24,2008-11-30,7,1,6,14.3%,560,700,140,4445,4200,245,385
2008-W49,2008-12-01,2008-12-07,7,2,5,28.6%,560,1400,840,4445,3500,945,1785
2008-W50,2008-12-08,2008-12-14,7,4,3,57.1%,560,2800,2240,4445,2100,2345,4585
2008-W51,2008-12-15,2008-12-21,7,0,7,0.0%,560,0,-560,4445,4900,-455,-1015
2008-W52,2008-12-22,2008-12-28,7,3,4,42.9%,560,2100,1540,4445,2800,1645,3185
2009-W01,2008-12-29,2009-01-04,7,0,7,0.0%,560,0,-560,4445,4900,-455,-1015
2009-W02,2009-01-05,2009-01-11,7,2,5,28.6%,560,1400,840,4445,3500,945,1785
2009-W03,2009-01-12,2009-01-18,7,1,6,14.3%,560,700,140,4445,4200,245,385
2009-W04,2009-01-19,2009-01-24,6,2,4,33.3%,480,1400,920,3810,2800,1010,1930
2009-W05,2009-01-27,2009-02-01,6,1,5,16.7%,1000,700,-300,3351,3500,-149,-449
2009-W06,2009-02-02,2009-02-08,7,2,5,28.6%,560,1400,840,4445,3500,945,1785
2009-W07,2009-02-09,2009-02-15,7,1,6,14.3%,560,700,140,4445,4200,245,385
2009-W08,2009-02-16,2009-02-22,7,2,5,28.6%,560,1400,840,4445,3500,945,1785
2009-W09,2009-02-23,2009-03-01,7,2,5,28.6%,560,1400,840,4445,3500,945,1785
2009-W10,2009-03-02,2009-03-08,7,1,6,14.3%,560,700,140,4445,4200,245,385
2009-W11,2009-03-09,2009-03-15,7,2,5,28.6%,560,1400,840,4445,3500,945,1785
2009-W12,2009-03-16,2009-03-22,7,1,6,14.3%,560,700,140,4445,4200,245,385
2009-W13,2009-03-23,2009-03-29,7,2,5,28.6%,560,1400,840,4445,3500,945,1785
2009-W14,2009-03-30,2009-04-05,7,1,6,14.3%,560,700,140,4445,4200,245,385
2009-W15,2009-04-06,2009-04-12,7,2,5,28.6%,560,1400,840,4445,3500,945,1785
2009-W16,2009-04-13,2009-04-19,7,1,6,14.3%,560,700,140,4445,4200,245,385
2009-W17,2009-04-20,2009-04-26,7,0,7,0.0%,560,0,-560,4445,4900,-455,-1015
2009-W18,2009-04-27,2009-05-03,7,2,5,28.6%,560,1400,840,4445,3500,945,1785
2009-W19,2009-05-04,2009-05-10,7,1,6,14.3%,560,700,140,4445,4200,245,385
2009-W20,2009-05-11,2009-05-17,7,1,6,14.3%,560,700,140,4445,4200,245,385
2009-W21,2009-05-18,2009-05-24,7,2,5,28.6%,560,1400,840,4445,3500,945,1785
2009-W22,2009-05-25,2009-05-31,7,2,5,28.6%,560,1400,840,4445,3500,945,1785
2009-W23,2009-06-01,2009-06-07,7,0,7,0.0%,560,0,-560,4445,4900,-455,-1015
2009-W24,2009-06-08,2009-06-14,6,3,3,50.0%,480,2100,1620,3810,2100,1710,3330
2009-W25,2009-06-15,2009-06-21,7,2,5,28.6%,560,1400,840,4445,3500,945,1785
2009-W26,2009-06-22,2009-06-28,7,1,6,14.3%,560,700,140,4445,4200,245,385
2009-W27,2009-06-29,2009-07-05,7,1,6,14.3%,560,700,140,4445,4200,245,385
2009-W28,2009-07-06,2009-07-12,7,4,3,57.1%,560,2800,2240,4445,2100,2345,4585
2009-W29,2009-07-13,2009-07-19,7,0,7,0.0%,560,0,-560,4445,4900,-455,-1015
2009-W30,2009-07-20,2009-07-26,7,1,6,14.3%,560,700,140,4445,4200,245,385
2009-W31,2009-07-27,2009-08-02,7,3,4,42.9%,560,2100,1540,4445,2800,1645,3185
2009-W32,2009-08-03,2009-08-09,7,2,5,28.6%,560,1400,840,4445,3500,945,1785
2009-W33,2009-08-10,2009-08-16,7,2,5,28.6%,560,1400,840,4445,3500,945,1785
2009-W34,2009-08-17,2009-08-23,7,1,6,14.3%,560,700,140,4445,4200,245,385
2009-W35,2009-08-24,2009-08-30,7,1,6,14.3%,560,700,140,4445,4200,245,385
2009-W36,2009-08-31,2009-09-06,7,0,7,0.0%,560,0,-560,4445,4900,-455,-1015
2009-W37,2009-09-07,2009-09-13,7,1,6,14.3%,560,700,140,4445,4200,245,385
2009-W38,2009-09-14,2009-09-20,7,2,5,28.6%,560,1400,840,4445,3500,945,1785
2009-W39,2009-09-21,2009-09-27,7,2,5,28.6%,560,1400,840,4445,3500,945,1785
2009-W40,2009-09-28,2009-10-04,7,1,6,14.3%,560,700,140,4445,4200,245,385
2009-W41,2009-10-05,2009-10-11,7,0,7,0.0%,560,0,-560,4445,4900,-455,-1015
2009-W42,2009-10-12,2009-10-18,7,0,7,0.0%,568,0,-568,4437,4900,-463,-1031
2009-W43,2009-10-19,2009-10-25,7,1,6,14.3%,568,700,132,4437,4200,237,369
2009-W44,2009-10-26,2009-11-01,7,1,6,14.3%,560,700,140,4445,4200,245,385
2009-W45,2009-11-02,2009-11-08,7,1,6,14.3%,560,700,140,4445,4200,245,385
2009-W46,2009-11-09,2009-11-15,7,1,6,14.3%,560,700,140,4445,4200,245,385
2009-W47,2009-11-16,2009-11-22,7,1,6,14.3%,560,700,140,4445,4200,245,385
2009-W48,2009-11-23,2009-11-29,7,1,6,14.3%,560,700,140,4445,4200,245,385
2009-W49,2009-11-30,2009-12-06,7,2,5,28.6%,560,1400,840,4445,3500,945,1785
2009-W50,2009-12-07,2009-12-13,7,3,4,42.9%,560,2100,1540,4445,2800,1645,3185
2009-W51,2009-12-14,2009-12-20,7,0,7,0.0%,560,0,-560,4445,4900,-455,-1015
2009-W52,2009-12-21,2009-12-27,7,1,6,14.3%,560,700,140,4445,4200,245,385
2009-W53,2009-12-28,2010-01-03,7,1,6,14.3%,560,700,140,4445,4200,245,385
2010-W01,2010-01-04,2010-01-10,7,3,4,42.9%,560,2100,1540,4445,2800,1645,3185
2010-W02,2010-01-11,2010-01-17,7,3,4,42.9%,560,2100,1540,4445,2800,1645,3185
2010-W03,2010-01-18,2010-01-24,7,2,5,28.6%,560,1400,840,4445,3500,945,1785
2010-W04,2010-01-25,2010-01-31,7,1,6,14.3%,560,700,140,4445,4200,245,385
2010-W05,2010-02-01,2010-02-07,7,2,5,28.6%,560,1400,840,4445,3500,945,1785
2010-W06,2010-02-08,2010-02-12,5,2,3,40.0%,400,1400,1000,3175,2100,1075,2075
2010-W07,2010-02-17,2010-02-21,4,1,3,25.0%,568,700,132,2321,2100,221,353
2010-W08,2010-02-22,2010-02-28,7,3,4,42.9%,560,2100,1540,4445,2800,1645,3185
2010-W09,2010-03-01,2010-03-07,7,1,6,14.3%,560,700,140,4445,4200,245,385
2010-W10,2010-03-08,2010-03-14,7,2,5,28.6%,560,1400,840,4445,3500,945,1785
2010-W11,2010-03-15,2010-03-21,7,0,7,0.0%,560,0,-560,4445,4900,-455,-1015
2010-W12,2010-03-22,2010-03-28,7,0,7,0.0%,560,0,-560,4445,4900,-455,-1015
2010-W13,2010-03-29,2010-04-04,7,2,5,28.6%,560,1400,840,4445,3500,945,1785
2010-W14,2010-04-05,2010-04-11,7,0,7,0.0%,560,0,-560,4445,4900,-455,-1015
2010-W15,2010-04-12,2010-04-18,7,3,4,42.9%,560,2100,1540,4445,2800,1645,3185
2010-W16,2010-04-19,2010-04-25,7,1,6,14.3%,560,700,140,4445,4200,245,385
2010-W17,2010-04-26,2010-05-02,7,2,5,28.6%,560,1400,840,4445,3500,945,1785
2010-W18,2010-05-03,2010-05-09,7,1,6,14.3%,568,700,132,4437,4200,237,369
2010-W19,2010-05-10,2010-05-16,7,0,7,0.0%,560,0,-560,4445,4900,-455,-1015
2010-W20,2010-05-17,2010-05-23,7,1,6,14.3%,560,700,140,4445,4200,245,385
2010-W21,2010-05-24,2010-05-30,7,1,6,14.3%,560,700,140,4445,4200,245,385
2010-W22,2010-05-31,2010-06-06,7,2,5,28.6%,560,1400,840,4445,3500,945,1785
2010-W23,2010-06-07,2010-06-13,7,1,6,14.3%,560,700,140,4445,4200,245,385
2010-W24,2010-06-14,2010-06-20,7,2,5,28.6%,560,1400,840,4445,3500,945,1785
2010-W25,2010-06-21,2010-06-27,7,1,6,14.3%,560,700,140,4445,4200,245,385
2010-W26,2010-06-28,2010-07-04,7,0,7,0.0%,560,0,-560,4445,4900,-455,-1015
2010-W27,2010-07-05,2010-07-11,7,1,6,14.3%,560,700,140,4445,4200,245,385
2010-W28,2010-07-12,2010-07-18,7,2,5,28.6%,560,1400,840,4445,3500,945,1785
2010-W29,2010-07-19,2010-07-25,7,1,6,14.3%,560,700,140,4445,4200,245,385
2010-W30,2010-07-26,2010-08-01,7,1,6,14.3%,560,700,140,4445,4200,245,385
2010-W31,2010-08-02,2010-08-08,7,0,7,0.0%,560,0,-560,4445,4900,-455,-1015
2010-W32,2010-08-09,2010-08-15,7,3,4,42.9%,560,2100,1540,4445,2800,1645,3185
2010-W33,2010-08-16,2010-08-22,7,0,7,0.0%,560,0,-560,4445,4900,-455,-1015
2010-W34,2010-08-23,2010-08-29,7,1,6,14.3%,560,700,140,4445,4200,245,385
2010-W35,2010-08-30,2010-09-05,7,1,6,14.3%,560,700,140,4445,4200,245,385
2010-W36,2010-09-06,2010-09-12,7,1,6,14.3%,560,700,140,4445,4200,245,385
2010-W37,2010-09-13,2010-09-19,7,0,7,0.0%,560,0,-560,4445,4900,-455,-1015
2010-W38,2010-09-20,2010-09-26,7,1,6,14.3%,560,700,140,4445,4200,245,385
2010-W39,2010-09-27,2010-10-03,7,1,6,14.3%,560,700,140,4445,4200,245,385
2010-W40,2010-10-04,2010-10-10,7,0,7,0.0%,560,0,-560,4445,4900,-455,-1015
2010-W41,2010-10-11,2010-10-17,7,2,5,28.6%,560,1400,840,4445,3500,945,1785
2010-W42,2010-10-18,2010-10-24,7,1,6,14.3%,560,700,140,4445,4200,245,385
2010-W43,2010-10-25,2010-10-31,7,0,7,0.0%,560,0,-560,4445,4900,-455,-1015
2010-W44,2010-11-01,2010-11-07,7,1,6,14.3%,560,700,140,4445,4200,245,385
2010-W45,2010-11-08,2010-11-14,7,1,6,14.3%,560,700,140,4445,4200,245,385
2010-W46,2010-11-15,2010-11-21,7,2,5,28.6%,560,1400,840,4445,3500,945,1785
2010-W47,2010-11-22,2010-11-28,7,3,4,42.9%,560,2100,1540,4445,2800,1645,3185
2010-W48,2010-11-29,2010-12-05,7,1,6,14.3%,560,700,140,4445,4200,245,385
2010-W49,2010-12-06,2010-12-12,7,1,6,14.3%,560,700,140,4445,4200,245,385
2010-W50,2010-12-13,2010-12-19,7,3,4,42.9%,560,2100,1540,4445,2800,1645,3185
2010-W51,2010-12-20,2010-12-26,7,1,6,14.3%,560,700,140,4445,4200,245,385
2010-W52,2010-12-27,2011-01-02,7,2,5,28.6%,560,1400,840,4445,3500,945,1785
2011-W01,2011-01-03,2011-01-09,7,2,5,28.6%,560,1400,840,4445,3500,945,1785
2011-W02,2011-01-10,2011-01-16,7,1,6,14.3%,560,700,140,4445,4200,245,385
2011-W03,2011-01-17,2011-01-23,7,1,6,14.3%,560,700,140,4445,4200,245,385
2011-W04,2011-01-24,2011-01-30,7,1,6,14.3%,560,700,140,4445,4200,245,385
2011-W05,2011-01-31,2011-02-06,2,0,2,0.0%,160,0,-160,1270,1400,-130,-290
2011-W06,2011-02-07,2011-02-13,6,0,6,0.0%,480,0,-480,3810,4200,-390,-870
2011-W07,2011-02-14,2011-02-20,7,1,6,14.3%,560,700,140,4445,4200,245,385
2011-W08,2011-02-21,2011-02-27,7,3,4,42.9%,560,2100,1540,4445,2800,1645,3185
2011-W09,2011-02-28,2011-03-06,7,0,7,0.0%,560,0,-560,4445,4900,-455,-1015
2011-W10,2011-03-07,2011-03-13,7,0,7,0.0%,560,0,-560,4445,4900,-455,-1015
2011-W11,2011-03-14,2011-03-20,7,4,3,57.1%,560,2800,2240,4445,2100,2345,4585
2011-W12,2011-03-21,2011-03-27,7,0,7,0.0%,560,0,-560,4445,4900,-455,-1015
2011-W13,2011-03-28,2011-04-03,7,2,5,28.6%,560,1400,840,4445,3500,945,1785
2011-W14,2011-04-04,2011-04-10,7,0,7,0.0%,560,0,-560,4445,4900,-455,-1015
2011-W15,2011-04-11,2011-04-17,7,1,6,14.3%,560,700,140,4445,4200,245,385
2011-W16,2011-04-18,2011-04-24,7,1,6,14.3%,560,700,140,4445,4200,245,385
2011-W17,2011-04-25,2011-05-01,5,2,3,40.0%,808,1400,592,2814,2100,714,1306
2011-W18,2011-05-02,2011-05-08,7,1,6,14.3%,560,700,140,4445,4200,245,385
2011-W19,2011-05-09,2011-05-15,7,1,6,14.3%,560,700,140,4445,4200,245,385
2011-W20,2011-05-16,2011-05-22,7,2,5,28.6%,560,1400,840,4445,3500,945,1785
2011-W21,2011-05-23,2011-05-29,7,1,6,14.3%,560,700,140,4445,4200,245,385
2011-W22,2011-05-30,2011-06-05,7,1,6,14.3%,560,700,140,4445,4200,245,385
2011-W23,2011-06-06,2011-06-12,7,1,6,14.3%,560,700,140,4445,4200,245,385
2011-W24,2011-06-13,2011-06-19,7,4,3,57.1%,560,2800,2240,4445,2100,2345,4585
2011-W25,2011-06-20,2011-06-26,7,2,5,28.6%,560,1400,840,4445,3500,945,1785
2011-W26,2011-06-27,2011-07-03,7,1,6,14.3%,560,700,140,4445,4200,245,385
2011-W27,2011-07-04,2011-07-10,7,1,6,14.3%,560,700,140,4445,4200,245,385
2011-W28,2011-07-11,2011-07-17,7,0,7,0.0%,560,0,-560,4445,4900,-455,-1015
2011-W29,2011-07-18,2011-07-24,7,1,6,14.3%,560,700,140,4445,4200,245,385
2011-W30,2011-07-25,2011-07-31,7,1,6,14.3%,560,700,140,4445,4200,245,385
2011-W31,2011-08-01,2011-08-07,7,0,7,0.0%,560,0,-560,4445,4900,-455,-1015
2011-W32,2011-08-08,2011-08-14,7,4,3,57.1%,560,2800,2240,4445,2100,2345,4585
2011-W33,2011-08-15,2011-08-21,7,0,7,0.0%,560,0,-560,4445,4900,-455,-1015
2011-W34,2011-08-22,2011-08-28,7,2,5,28.6%,560,1400,840,4445,3500,945,1785
2011-W35,2011-08-29,2011-09-04,7,2,5,28.6%,560,1400,840,4445,3500,945,1785
2011-W36,2011-09-05,2011-09-11,7,2,5,28.6%,560,1400,840,4445,3500,945,1785
2011-W37,2011-09-12,2011-09-18,7,3,4,42.9%,560,2100,1540,4445,2800,1645,3185
2011-W38,2011-09-19,2011-09-25,7,1,6,14.3%,560,700,140,4445,4200,245,385
2011-W39,2011-09-26,2011-10-02,7,2,5,28.6%,560,1400,840,4445,3500,945,1785
2011-W40,2011-10-03,2011-10-09,7,1,6,14.3%,560,700,140,4445,4200,245,385
2011-W41,2011-10-10,2011-10-16,7,1,6,14.3%,560,700,140,4445,4200,245,385
2011-W42,2011-10-17,2011-10-23,7,2,5,28.6%,560,1400,840,4445,3500,945,1785
2011-W43,2011-10-24,2011-10-30,7,0,7,0.0%,560,0,-560,4445,4900,-455,-1015
2011-W44,2011-10-31,2011-11-06,7,1,6,14.3%,560,700,140,4445,4200,245,385
2011-W45,2011-11-07,2011-11-13,7,0,7,0.0%,560,0,-560,4445,4900,-455,-1015
2011-W46,2011-11-14,2011-11-20,7,1,6,14.3%,560,700,140,4445,4200,245,385
2011-W47,2011-11-21,2011-11-27,7,1,6,14.3%,560,700,140,4445,4200,245,385
2011-W48,2011-11-28,2011-12-04,7,2,5,28.6%,560,1400,840,4445,3500,945,1785
2011-W49,2011-12-05,2011-12-11,7,1,6,14.3%,560,700,140,4445,4200,245,385
2011-W50,2011-12-12,2011-12-18,7,2,5,28.6%,560,1400,840,4445,3500,945,1785
2011-W51,2011-12-19,2011-12-25,7,3,4,42.9%,560,2100,1540,4445,2800,1645,3185
2011-W52,2011-12-26,2012-01-01,7,0,7,0.0%,560,0,-560,4445,4900,-455,-1015
2012-W01,2012-01-02,2012-01-08,7,1,6,14.3%,560,700,140,4445,4200,245,385
2012-W02,2012-01-09,2012-01-15,7,1,6,14.3%,560,700,140,4445,4200,245,385
2012-W03,2012-01-16,2012-01-21,6,1,5,16.7%,480,700,220,3810,3500,310,530
2012-W04,2012-01-26,2012-01-29,4,0,4,0.0%,712,0,-712,2193,2800,-607,-1319
2012-W05,2012-01-30,2012-02-05,7,2,5,28.6%,560,1400,840,4445,3500,945,1785
2012-W06,2012-02-06,2012-02-12,7,1,6,14.3%,560,700,140,4445,4200,245,385
2012-W07,2012-02-13,2012-02-19,7,1,6,14.3%,560,700,140,4445,4200,245,385
2012-W08,2012-02-20,2012-02-26,7,1,6,14.3%,560,700,140,4445,4200,245,385
2012-W09,2012-02-27,2012-03-04,7,1,6,14.3%,560,700,140,4445,4200,245,385
2012-W10,2012-03-05,2012-03-11,7,1,6,14.3%,560,700,140,4445,4200,245,385
2012-W11,2012-03-12,2012-03-18,7,1,6,14.3%,560,700,140,4445,4200,245,385
2012-W12,2012-03-19,2012-03-25,7,1,6,14.3%,560,700,140,4445,4200,245,385
2012-W13,2012-03-26,2012-04-01,7,3,4,42.9%,560,2100,1540,4445,2800,1645,3185
2012-W14,2012-04-02,2012-04-08,7,3,4,42.9%,560,2100,1540,4445,2800,1645,3185
2012-W15,2012-04-09,2012-04-15,7,0,7,0.0%,560,0,-560,4445,4900,-455,-1015
2012-W16,2012-04-16,2012-04-22,7,1,6,14.3%,560,700,140,4445,4200,245,385
2012-W17,2012-04-23,2012-04-29,7,1,6,14.3%,560,700,140,4445,4200,245,385
2012-W18,2012-04-30,2012-05-06,7,1,6,14.3%,560,700,140,4445,4200,245,385
2012-W19,2012-05-07,2012-05-13,7,1,6,14.3%,560,700,140,4445,4200,245,385
2012-W20,2012-05-14,2012-05-20,7,0,7,0.0%,560,0,-560,4445,4900,-455,-1015
2012-W21,2012-05-21,2012-05-27,7,1,6,14.3%,560,700,140,4445,4200,245,385
2012-W22,2012-05-28,2012-06-03,7,1,6,14.3%,560,700,140,4445,4200,245,385
2012-W23,2012-06-04,2012-06-10,7,0,7,0.0%,560,0,-560,4445,4900,-455,-1015
2012-W24,2012-06-11,2012-06-17,7,1,6,14.3%,560,700,140,4445,4200,245,385
2012-W25,2012-06-18,2012-06-24,7,1,6,14.3%,560,700,140,4445,4200,245,385
2012-W26,2012-06-25,2012-07-01,7,0,7,0.0%,560,0,-560,4445,4900,-455,-1015
2012-W27,2012-07-02,2012-07-08,7,1,6,14.3%,560,700,140,4445,4200,245,385
2012-W28,2012-07-09,2012-07-15,7,3,4,42.9%,560,2100,1540,4445,2800,1645,3185
2012-W29,2012-07-16,2012-07-22,7,1,6,14.3%,560,700,140,4445,4200,245,385
2012-W30,2012-07-23,2012-07-29,7,1,6,14.3%,560,700,140,4445,4200,245,385
2012-W31,2012-07-30,2012-08-05,7,0,7,0.0%,560,0,-560,4445,4900,-455,-1015
2012-W32,2012-08-06,2012-08-12,7,0,7,0.0%,560,0,-560,4445,4900,-455,-1015
2012-W33,2012-08-13,2012-08-19,7,1,6,14.3%,560,700,140,4445,4200,245,385
2012-W34,2012-08-20,2012-08-26,7,3,4,42.9%,560,2100,1540,4445,2800,1645,3185
2012-W35,2012-08-27,2012-09-02,7,1,6,14.3%,560,700,140,4445,4200,245,385
2012-W36,2012-09-03,2012-09-09,7,0,7,0.0%,560,0,-560,4445,4900,-455,-1015
2012-W37,2012-09-10,2012-09-16,7,1,6,14.3%,560,700,140,4445,4200,245,385
2012-W38,2012-09-17,2012-09-23,7,2,5,28.6%,560,1400,840,4445,3500,945,1785
2012-W39,2012-09-24,2012-09-30,7,3,4,42.9%,560,2100,1540,4445,2800,1645,3185
2012-W40,2012-10-01,2012-10-07,7,4,3,57.1%,560,2800,2240,4445,2100,2345,4585
2012-W41,2012-10-08,2012-10-14,7,0,7,0.0%,560,0,-560,4445,4900,-455,-1015
2012-W42,2012-10-15,2012-10-21,7,3,4,42.9%,560,2100,1540,4445,2800,1645,3185
2012-W43,2012-10-22,2012-10-28,7,4,3,57.1%,560,2800,2240,4445,2100,2345,4585
2012-W44,2012-10-29,2012-11-04,7,1,6,14.3%,560,700,140,4445,4200,245,385
2012-W45,2012-11-05,2012-11-11,7,1,6,14.3%,560,700,140,4445,4200,245,385
2012-W46,2012-11-12,2012-11-18,7,1,6,14.3%,560,700,140,4445,4200,245,385
2012-W47,2012-11-19,2012-11-25,7,0,7,0.0%,560,0,-560,4445,4900,-455,-1015
2012-W48,2012-11-26,2012-12-02,7,3,4,42.9%,560,2100,1540,4445,2800,1645,3185
2012-W49,2012-12-03,2012-12-09,7,0,7,0.0%,560,0,-560,4445,4900,-455,-1015
2012-W50,2012-12-10,2012-12-16,7,0,7,0.0%,560,0,-560,4445,4900,-455,-1015
2012-W51,2012-12-17,2012-12-23,7,4,3,57.1%,560,2800,2240,4445,2100,2345,4585
2012-W52,2012-12-24,2012-12-30,7,0,7,0.0%,560,0,-560,4445,4900,-455,-1015
2013-W01,2012-12-31,2013-01-06,7,1,6,14.3%,560,700,140,4445,4200,245,385
2013-W02,2013-01-07,2013-01-13,7,2,5,28.6%,560,1400,840,4445,3500,945,1785
2013-W03,2013-01-14,2013-01-20,7,0,7,0.0%,560,0,-560,4445,4900,-455,-1015
2013-W04,2013-01-21,2013-01-27,7,0,7,0.0%,560,0,-560,4445,4900,-455,-1015
2013-W05,2013-01-28,2013-02-03,7,1,6,14.3%,560,700,140,4445,4200,245,385
2013-W06,2013-02-04,2013-02-08,5,0,5,0.0%,400,0,-400,3175,3500,-325,-725
2013-W07,2013-02-13,2013-02-17,3,0,3,0.0%,240,0,-240,1905,2100,-195,-435
2013-W08,2013-02-18,2013-02-24,7,1,6,14.3%,560,700,140,4445,4200,245,385
2013-W09,2013-02-25,2013-03-03,7,2,5,28.6%,560,1400,840,4445,3500,945,1785
2013-W10,2013-03-04,2013-03-10,7,2,5,28.6%,560,1400,840,4445,3500,945,1785
2013-W11,2013-03-11,2013-03-17,7,1,6,14.3%,560,700,140,4445,4200,245,385
2013-W12,2013-03-18,2013-03-24,7,1,6,14.3%,560,700,140,4445,4200,245,385
2013-W13,2013-03-25,2013-03-31,7,2,5,28.6%,560,1400,840,4445,3500,945,1785
2013-W14,2013-04-01,2013-04-07,7,1,6,14.3%,560,700,140,4445,4200,245,385
2013-W15,2013-04-08,2013-04-14,7,2,5,28.6%,560,1400,840,4445,3500,945,1785
2013-W16,2013-04-15,2013-04-21,7,1,6,14.3%,560,700,140,4445,4200,245,385
2013-W17,2013-04-22,2013-04-28,7,1,6,14.3%,560,700,140,4445,4200,245,385
2013-W18,2013-04-29,2013-05-05,7,0,7,0.0%,560,0,-560,4445,4900,-455,-1015
2013-W19,2013-05-06,2013-05-12,7,1,6,14.3%,560,700,140,4445,4200,245,385
2013-W20,2013-05-13,2013-05-19,7,2,5,28.6%,560,1400,840,4445,3500,945,1785
2013-W21,2013-05-20,2013-05-26,7,0,7,0.0%,560,0,-560,4445,4900,-455,-1015
2013-W22,2013-05-27,2013-06-02,7,0,7,0.0%,560,0,-560,4445,4900,-455,-1015
2013-W23,2013-06-03,2013-06-09,7,2,5,28.6%,560,1400,840,4445,3500,945,1785
2013-W24,2013-06-10,2013-06-16,7,1,6,14.3%,560,700,140,4445,4200,245,385
2013-W25,2013-06-17,2013-06-23,7,2,5,28.6%,560,1400,840,4445,3500,945,1785
2013-W26,2013-06-24,2013-06-30,7,1,6,14.3%,560,700,140,4445,4200,245,385
2013-W27,2013-07-01,2013-07-07,7,1,6,14.3%,560,700,140,4445,4200,245,385
2013-W28,2013-07-08,2013-07-14,7,0,7,0.0%,560,0,-560,4445,4900,-455,-1015
2013-W29,2013-07-15,2013-07-21,7,0,7,0.0%,560,0,-560,4445,4900,-455,-1015
2013-W30,2013-07-22,2013-07-28,7,1,6,14.3%,560,700,140,4445,4200,245,385
2013-W31,2013-07-29,2013-08-04,7,0,7,0.0%,560,0,-560,4445,4900,-455,-1015
2013-W32,2013-08-05,2013-08-11,7,1,6,14.3%,568,700,132,4437,4200,237,369
2013-W33,2013-08-12,2013-08-18,7,0,7,0.0%,560,0,-560,4445,4900,-455,-1015
2013-W34,2013-08-19,2013-08-25,7,1,6,14.3%,560,700,140,4445,4200,245,385
2013-W35,2013-08-26,2013-09-01,7,2,5,28.6%,560,1400,840,4445,3500,945,1785
2013-W36,2013-09-02,2013-09-08,7,2,5,28.6%,560,1400,840,4445,3500,945,1785
2013-W37,2013-09-09,2013-09-15,7,2,5,28.6%,560,1400,840,4445,3500,945,1785
2013-W38,2013-09-16,2013-09-22,7,1,6,14.3%,560,700,140,4445,4200,245,385
2013-W39,2013-09-23,2013-09-29,7,0,7,0.0%,560,0,-560,4445,4900,-455,-1015
2013-W40,2013-09-30,2013-10-06,7,2,5,28.6%,560,1400,840,4445,3500,945,1785
2013-W41,2013-10-07,2013-10-13,7,1,6,14.3%,560,700,140,4445,4200,245,385
2013-W42,2013-10-14,2013-10-20,7,1,6,14.3%,560,700,140,4445,4200,245,385
2013-W43,2013-10-21,2013-10-27,7,2,5,28.6%,560,1400,840,4445,3500,945,1785
2013-W44,2013-10-28,2013-11-03,7,0,7,0.0%,560,0,-560,4445,4900,-455,-1015
2013-W45,2013-11-04,2013-11-10,7,4,3,57.1%,560,2800,2240,4445,2100,2345,4585
2013-W46,2013-11-11,2013-11-17,7,0,7,0.0%,560,0,-560,4445,4900,-455,-1015
2013-W47,2013-11-18,2013-11-24,7,4,3,57.1%,560,2800,2240,4445,2100,2345,4585
2013-W48,2013-11-25,2013-12-01,7,0,7,0.0%,560,0,-560,4445,4900,-455,-1015
2013-W49,2013-12-02,2013-12-08,7,0,7,0.0%,560,0,-560,4445,4900,-455,-1015
2013-W50,2013-12-09,2013-12-15,7,1,6,14.3%,560,700,140,4445,4200,245,385
2013-W51,2013-12-16,2013-12-22,7,1,6,14.3%,560,700,140,4445,4200,245,385
2013-W52,2013-12-23,2013-12-29,7,2,5,28.6%,560,1400,840,4445,3500,945,1785
2014-W01,2013-12-30,2014-01-05,7,1,6,14.3%,560,700,140,4445,4200,245,385
2014-W02,2014-01-06,2014-01-12,7,2,5,28.6%,560,1400,840,4445,3500,945,1785
2014-W03,2014-01-13,2014-01-19,7,0,7,0.0%,560,0,-560,4445,4900,-455,-1015
2014-W04,2014-01-20,2014-01-26,7,0,7,0.0%,560,0,-560,4445,4900,-455,-1015
2014-W05,2014-01-27,2014-01-29,3,2,1,66.7%,240,1400,1160,1905,700,1205,2365
2014-W06,2014-02-03,2014-02-09,7,1,6,14.3%,992,700,-292,4063,4200,-137,-429
2014-W07,2014-02-10,2014-02-16,7,2,5,28.6%,560,1400,840,4445,3500,945,1785
2014-W08,2014-02-17,2014-02-23,7,1,6,14.3%,560,700,140,4445,4200,245,385
2014-W09,2014-02-24,2014-03-02,7,3,4,42.9%,560,2100,1540,4445,2800,1645,3185
2014-W10,2014-03-03,2014-03-09,7,1,6,14.3%,560,700,140,4445,4200,245,385
2014-W11,2014-03-10,2014-03-16,7,1,6,14.3%,560,700,140,4445,4200,245,385
2014-W12,2014-03-17,2014-03-23,7,1,6,14.3%,560,700,140,4445,4200,245,385
2014-W13,2014-03-24,2014-03-30,7,1,6,14.3%,560,700,140,4445,4200,245,385
2014-W14,2014-03-31,2014-04-06,7,0,7,0.0%,560,0,-560,4445,4900,-455,-1015
2014-W15,2014-04-07,2014-04-13,7,1,6,14.3%,560,700,140,4445,4200,245,385
2014-W16,2014-04-14,2014-04-20,7,2,5,28.6%,560,1400,840,4445,3500,945,1785
2014-W17,2014-04-21,2014-04-27,7,2,5,28.6%,560,1400,840,4445,3500,945,1785
2014-W18,2014-04-28,2014-05-04,7,1,6,14.3%,560,700,140,4445,4200,245,385
2014-W19,2014-05-05,2014-05-11,7,1,6,14.3%,560,700,140,4445,4200,245,385
2014-W20,2014-05-12,2014-05-18,7,1,6,14.3%,560,700,140,4445,4200,245,385
2014-W21,2014-05-19,2014-05-25,7,1,6,14.3%,560,700,140,4445,4200,245,385
2014-W22,2014-05-26,2014-06-01,7,1,6,14.3%,560,700,140,4445,4200,245,385
2014-W23,2014-06-02,2014-06-08,7,0,7,0.0%,560,0,-560,4445,4900,-455,-1015
2014-W24,2014-06-09,2014-06-15,7,2,5,28.6%,560,1400,840,4445,3500,945,1785
2014-W25,2014-06-16,2014-06-22,7,1,6,14.3%,560,700,140,4445,4200,245,385
2014-W26,2014-06-23,2014-06-29,7,2,5,28.6%,560,1400,840,4445,3500,945,1785
2014-W27,2014-06-30,2014-07-06,7,1,6,14.3%,560,700,140,4445,4200,245,385
2014-W28,2014-07-07,2014-07-13,7,1,6,14.3%,560,700,140,4445,4200,245,385
2014-W29,2014-07-14,2014-07-20,7,1,6,14.3%,560,700,140,4445,4200,245,385
2014-W30,2014-07-21,2014-07-27,7,2,5,28.6%,560,1400,840,4445,3500,945,1785
2014-W31,2014-07-28,2014-08-03,7,2,5,28.6%,560,1400,840,4445,3500,945,1785
2014-W32,2014-08-04,2014-08-10,7,2,5,28.6%,560,1400,840,4445,3500,945,1785
2014-W33,2014-08-11,2014-08-17,7,1,6,14.3%,560,700,140,4445,4200,245,385
2014-W34,2014-08-18,2014-08-24,7,1,6,14.3%,560,700,140,4445,4200,245,385
2014-W35,2014-08-25,2014-08-31,7,4,3,57.1%,560,2800,2240,4445,2100,2345,4585
2014-W36,2014-09-01,2014-09-07,7,0,7,0.0%,560,0,-560,4445,4900,-455,-1015
2014-W37,2014-09-08,2014-09-14,7,2,5,28.6%,560,1400,840,4445,3500,945,1785
2014-W38,2014-09-15,2014-09-21,7,0,7,0.0%,560,0,-560,4445,4900,-455,-1015
2014-W39,2014-09-22,2014-09-28,7,2,5,28.6%,560,1400,840,4445,3500,945,1785
2014-W40,2014-09-29,2014-10-05,7,2,5,28.6%,560,1400,840,4445,3500,945,1785
2014-W41,2014-10-06,2014-10-12,7,0,7,0.0%,560,0,-560,4445,4900,-455,-1015
2014-W42,2014-10-13,2014-10-19,7,3,4,42.9%,560,2100,1540,4445,2800,1645,3185
2014-W43,2014-10-20,2014-10-26,7,2,5,28.6%,560,1400,840,4445,3500,945,1785
2014-W44,2014-10-27,2014-11-02,7,0,7,0.0%,560,0,-560,4445,4900,-455,-1015
2014-W45,2014-11-03,2014-11-09,7,0,7,0.0%,560,0,-560,4445,4900,-455,-1015
2014-W46,2014-11-10,2014-11-16,7,1,6,14.3%,560,700,140,4445,4200,245,385
2014-W47,2014-11-17,2014-11-23,7,1,6,14.3%,560,700,140,4445,4200,245,385
2014-W48,2014-11-24,2014-11-30,7,1,6,14.3%,560,700,140,4445,4200,245,385
2014-W49,2014-12-01,2014-12-07,7,0,7,0.0%,560,0,-560,4445,4900,-455,-1015
2014-W50,2014-12-08,2014-12-14,7,1,6,14.3%,560,700,140,4445,4200,245,385
2014-W51,2014-12-15,2014-12-21,7,1,6,14.3%,560,700,140,4445,4200,245,385
2014-W52,2014-12-22,2014-12-28,7,1,6,14.3%,560,700,140,4445,4200,245,385
2015-W01,2014-12-29,2015-01-04,7,2,5,28.6%,560,1400,840,4445,3500,945,1785
2015-W02,2015-01-05,2015-01-11,7,1,6,14.3%,560,700,140,4445,4200,245,385
2015-W03,2015-01-12,2015-01-18,7,1,6,14.3%,560,700,140,4445,4200,245,385
2015-W04,2015-01-19,2015-01-25,7,0,7,0.0%,560,0,-560,4445,4900,-455,-1015
2015-W05,2015-01-26,2015-02-01,7,1,6,14.3%,560,700,140,4445,4200,245,385
2015-W06,2015-02-02,2015-02-08,7,0,7,0.0%,560,0,-560,4445,4900,-455,-1015
2015-W07,2015-02-09,2015-02-15,7,1,6,14.3%,560,700,140,4445,4200,245,385
2015-W08,2015-02-16,2015-02-22,3,0,3,0.0%,264,0,-264,1883,2100,-217,-481
2015-W09,2015-02-23,2015-03-01,7,1,6,14.3%,624,700,76,4388,4200,188,264
2015-W10,2015-03-02,2015-03-08,7,0,7,0.0%,560,0,-560,4445,4900,-455,-1015
2015-W11,2015-03-09,2015-03-15,7,1,6,14.3%,560,700,140,4445,4200,245,385
2015-W12,2015-03-16,2015-03-22,7,1,6,14.3%,560,700,140,4445,4200,245,385
2015-W13,2015-03-23,2015-03-29,7,0,7,0.0%,560,0,-560,4445,4900,-455,-1015
2015-W14,2015-03-30,2015-04-05,7,2,5,28.6%,560,1400,840,4445,3500,945,1785
2015-W15,2015-04-06,2015-04-12,7,3,4,42.9%,560,2100,1540,4445,2800,1645,3185
2015-W16,2015-04-13,2015-04-19,7,3,4,42.9%,560,2100,1540,4445,2800,1645,3185
2015-W17,2015-04-20,2015-04-26,7,2,5,28.6%,560,1400,840,4445,3500,945,1785
2015-W18,2015-04-27,2015-05-03,7,0,7,0.0%,560,0,-560,4445,4900,-455,-1015
2015-W19,2015-05-04,2015-05-10,7,2,5,28.6%,560,1400,840,4445,3500,945,1785
2015-W20,2015-05-11,2015-05-17,7,1,6,14.3%,560,700,140,4445,4200,245,385
2015-W21,2015-05-18,2015-05-24,7,0,7,0.0%,560,0,-560,4445,4900,-455,-1015
2015-W22,2015-05-25,2015-05-31,7,1,6,14.3%,560,700,140,4445,4200,245,385
2015-W23,2015-06-01,2015-06-07,7,2,5,28.6%,560,1400,840,4445,3500,945,1785
2015-W24,2015-06-08,2015-06-14,7,1,6,14.3%,560,700,140,4445,4200,245,385
2015-W25,2015-06-15,2015-06-21,7,1,6,14.3%,560,700,140,4445,4200,245,385
2015-W26,2015-06-22,2015-06-28,7,2,5,28.6%,560,1400,840,4445,3500,945,1785
2015-W27,2015-06-29,2015-07-05,7,1,6,14.3%,560,700,140,4445,4200,245,385
2015-W28,2015-07-06,2015-07-12,7,1,6,14.3%,560,700,140,4445,4200,245,385
2015-W29,2015-07-13,2015-07-19,7,1,6,14.3%,560,700,140,4445,4200,245,385
2015-W30,2015-07-20,2015-07-26,7,0,7,0.0%,560,0,-560,4445,4900,-455,-1015
2015-W31,2015-07-27,2015-08-02,7,2,5,28.6%,560,1400,840,4445,3500,945,1785
2015-W32,2015-08-03,2015-08-09,7,2,5,28.6%,560,1400,840,4445,3500,945,1785
2015-W33,2015-08-10,2015-08-16,7,1,6,14.3%,560,700,140,4445,4200,245,385
2015-W34,2015-08-17,2015-08-23,7,1,6,14.3%,560,700,140,4445,4200,245,385
2015-W35,2015-08-24,2015-08-30,7,3,4,42.9%,560,2100,1540,4445,2800,1645,3185
2015-W36,2015-08-31,2015-09-06,7,1,6,14.3%,560,700,140,4445,4200,245,385
2015-W37,2015-09-07,2015-09-13,7,0,7,0.0%,560,0,-560,4445,4900,-455,-1015
2015-W38,2015-09-14,2015-09-20,7,1,6,14.3%,560,700,140,4445,4200,245,385
2015-W39,2015-09-21,2015-09-27,7,0,7,0.0%,560,0,-560,4445,4900,-455,-1015
2015-W40,2015-09-28,2015-10-04,7,1,6,14.3%,560,700,140,4445,4200,245,385
2015-W41,2015-10-05,2015-10-11,7,1,6,14.3%,560,700,140,4445,4200,245,385
2015-W42,2015-10-12,2015-10-18,7,0,7,0.0%,560,0,-560,4445,4900,-455,-1015
2015-W43,2015-10-19,2015-10-25,7,0,7,0.0%,560,0,-560,4445,4900,-455,-1015
2015-W44,2015-10-26,2015-11-01,7,1,6,14.3%,560,700,140,4445,4200,245,385
2015-W45,2015-11-02,2015-11-08,7,4,3,57.1%,560,2800,2240,4445,2100,2345,4585
2015-W46,2015-11-09,2015-11-15,7,1,6,14.3%,560,700,140,4445,4200,245,385
2015-W47,2015-11-16,2015-11-22,7,2,5,28.6%,560,1400,840,4445,3500,945,1785
2015-W48,2015-11-23,2015-11-29,7,0,7,0.0%,560,0,-560,4445,4900,-455,-1015
2015-W49,2015-11-30,2015-12-06,7,1,6,14.3%,560,700,140,4445,4200,245,385
2015-W50,2015-12-07,2015-12-13,7,1,6,14.3%,560,700,140,4445,4200,245,385
2015-W51,2015-12-14,2015-12-20,7,2,5,28.6%,560,1400,840,4445,3500,945,1785
2015-W52,2015-12-21,2015-12-27,7,1,6,14.3%,560,700,140,4445,4200,245,385
2015-W53,2015-12-28,2016-01-03,7,2,5,28.6%,560,1400,840,4445,3500,945,1785
2016-W01,2016-01-04,2016-01-10,7,1,6,14.3%,560,700,140,4445,4200,245,385
2016-W02,2016-01-11,2016-01-17,7,2,5,28.6%,560,1400,840,4445,3500,945,1785
2016-W03,2016-01-18,2016-01-24,7,2,5,28.6%,560,1400,840,4445,3500,945,1785
2016-W04,2016-01-25,2016-01-31,7,2,5,28.6%,560,1400,840,4445,3500,945,1785
2016-W05,2016-02-01,2016-02-06,6,0,6,0.0%,480,0,-480,3810,4200,-390,-870
2016-W06,2016-02-11,2016-02-14,4,1,3,25.0%,608,700,92,2285,2100,185,277
2016-W07,2016-02-15,2016-02-21,7,0,7,0.0%,560,0,-560,4445,4900,-455,-1015
2016-W08,2016-02-22,2016-02-28,7,1,6,14.3%,560,700,140,4445,4200,245,385
2016-W09,2016-02-29,2016-03-06,7,2,5,28.6%,560,1400,840,4445,3500,945,1785
2016-W10,2016-03-07,2016-03-13,7,1,6,14.3%,560,700,140,4445,4200,245,385
2016-W11,2016-03-14,2016-03-20,7,0,7,0.0%,560,0,-560,4445,4900,-455,-1015
2016-W12,2016-03-21,2016-03-27,7,0,7,0.0%,560,0,-560,4445,4900,-455,-1015
2016-W13,2016-03-28,2016-04-03,7,2,5,28.6%,560,1400,840,4445,3500,945,1785
2016-W14,2016-04-04,2016-04-10,7,1,6,14.3%,560,700,140,4445,4200,245,385
2016-W15,2016-04-11,2016-04-17,7,3,4,42.9%,560,2100,1540,4445,2800,1645,3185
2016-W16,2016-04-18,2016-04-24,7,1,6,14.3%,560,700,140,4445,4200,245,385
2016-W17,2016-04-25,2016-05-01,7,3,4,42.9%,560,2100,1540,4445,2800,1645,3185
2016-W18,2016-05-02,2016-05-08,7,2,5,28.6%,560,1400,840,4445,3500,945,1785
2016-W19,2016-05-09,2016-05-15,7,2,5,28.6%,560,1400,840,4445,3500,945,1785
2016-W20,2016-05-16,2016-05-22,7,3,4,42.9%,560,2100,1540,4445,2800,1645,3185
2016-W21,2016-05-23,2016-05-29,7,1,6,14.3%,560,700,140,4445,4200,245,385
2016-W22,2016-05-30,2016-06-05,7,2,5,28.6%,560,1400,840,4445,3500,945,1785
2016-W23,2016-06-06,2016-06-12,7,4,3,57.1%,560,2800,2240,4445,2100,2345,4585
2016-W24,2016-06-13,2016-06-19,7,1,6,14.3%,560,700,140,4445,4200,245,385
2016-W25,2016-06-20,2016-06-26,7,1,6,14.3%,560,700,140,4445,4200,245,385
2016-W26,2016-06-27,2016-07-03,7,0,7,0.0%,560,0,-560,4445,4900,-455,-1015
2016-W27,2016-07-04,2016-07-10,7,2,5,28.6%,560,1400,840,4445,3500,945,1785
2016-W28,2016-07-11,2016-07-17,7,0,7,0.0%,560,0,-560,4445,4900,-455,-1015
2016-W29,2016-07-18,2016-07-24,7,2,5,28.6%,560,1400,840,4445,3500,945,1785
2016-W30,2016-07-25,2016-07-31,7,1,6,14.3%,560,700,140,4445,4200,245,385
2016-W31,2016-08-01,2016-08-07,7,1,6,14.3%,560,700,140,4445,4200,245,385
2016-W32,2016-08-08,2016-08-14,7,1,6,14.3%,560,700,140,4445,4200,245,385
2016-W33,2016-08-15,2016-08-21,7,1,6,14.3%,560,700,140,4445,4200,245,385
2016-W34,2016-08-22,2016-08-28,7,1,6,14.3%,560,700,140,4445,4200,245,385
2016-W35,2016-08-29,2016-09-04,7,2,5,28.6%,560,1400,840,4445,3500,945,1785
2016-W36,2016-09-05,2016-09-11,7,0,7,0.0%,560,0,-560,4445,4900,-455,-1015
2016-W37,2016-09-12,2016-09-18,7,0,7,0.0%,560,0,-560,4445,4900,-455,-1015
2016-W38,2016-09-19,2016-09-25,7,2,5,28.6%,560,1400,840,4445,3500,945,1785
2016-W39,2016-09-26,2016-10-02,7,1,6,14.3%,560,700,140,4445,4200,245,385
2016-W40,2016-10-03,2016-10-09,7,2,5,28.6%,560,1400,840,4445,3500,945,1785
2016-W41,2016-10-10,2016-10-16,7,0,7,0.0%,560,0,-560,4445,4900,-455,-1015
2016-W42,2016-10-17,2016-10-23,7,1,6,14.3%,560,700,140,4445,4200,245,385
2016-W43,2016-10-24,2016-10-30,7,2,5,28.6%,560,1400,840,4445,3500,945,1785
2016-W44,2016-10-31,2016-11-06,7,1,6,14.3%,560,700,140,4445,4200,245,385
2016-W45,2016-11-07,2016-11-13,7,2,5,28.6%,560,1400,840,4445,3500,945,1785
2016-W46,2016-11-14,2016-11-20,7,2,5,28.6%,560,1400,840,4445,3500,945,1785
2016-W47,2016-11-21,2016-11-27,7,2,5,28.6%,560,1400,840,4445,3500,945,1785
2016-W48,2016-11-28,2016-12-04,7,0,7,0.0%,560,0,-560,4445,4900,-455,-1015
2016-W49,2016-12-05,2016-12-11,7,1,6,14.3%,560,700,140,4445,4200,245,385
2016-W50,2016-12-12,2016-12-18,7,2,5,28.6%,560,1400,840,4445,3500,945,1785
2016-W51,2016-12-19,2016-12-25,7,3,4,42.9%,560,2100,1540,4445,2800,1645,3185
2016-W52,2016-12-26,2017-01-01,7,0,7,0.0%,560,0,-560,4445,4900,-455,-1015
2017-W01,2017-01-02,2017-01-08,7,1,6,14.3%,560,700,140,4445,4200,245,385
2017-W02,2017-01-09,2017-01-15,7,2,5,28.6%,560,1400,840,4445,3500,945,1785
2017-W03,2017-01-16,2017-01-22,7,2,5,28.6%,560,1400,840,4445,3500,945,1785
2017-W04,2017-01-23,2017-01-26,4,1,3,25.0%,320,700,380,2540,2100,440,820
2017-W05,2017-01-31,2017-02-05,6,2,4,33.3%,904,1400,496,3435,2800,635,1131
2017-W06,2017-02-06,2017-02-12,7,1,6,14.3%,560,700,140,4445,4200,245,385
2017-W07,2017-02-13,2017-02-19,7,0,7,0.0%,560,0,-560,4445,4900,-455,-1015
2017-W08,2017-02-20,2017-02-26,7,3,4,42.9%,560,2100,1540,4445,2800,1645,3185
2017-W09,2017-02-27,2017-03-05,7,2,5,28.6%,560,1400,840,4445,3500,945,1785
2017-W10,2017-03-06,2017-03-12,7,2,5,28.6%,560,1400,840,4445,3500,945,1785
2017-W11,2017-03-13,2017-03-19,7,1,6,14.3%,560,700,140,4445,4200,245,385
2017-W12,2017-03-20,2017-03-26,7,0,7,0.0%,560,0,-560,4445,4900,-455,-1015
2017-W13,2017-03-27,2017-04-02,7,1,6,14.3%,560,700,140,4445,4200,245,385
2017-W14,2017-04-03,2017-04-09,7,0,7,0.0%,560,0,-560,4445,4900,-455,-1015
2017-W15,2017-04-10,2017-04-16,7,1,6,14.3%,560,700,140,4445,4200,245,385
2017-W16,2017-04-17,2017-04-23,7,0,7,0.0%,560,0,-560,4445,4900,-455,-1015
2017-W17,2017-04-24,2017-04-30,7,2,5,28.6%,560,1400,840,4445,3500,945,1785
2017-W18,2017-05-01,2017-05-07,7,1,6,14.3%,560,700,140,4445,4200,245,385
2017-W19,2017-05-08,2017-05-14,7,0,7,0.0%,560,0,-560,4445,4900,-455,-1015
2017-W20,2017-05-15,2017-05-21,7,1,6,14.3%,560,700,140,4445,4200,245,385
2017-W21,2017-05-22,2017-05-28,7,1,6,14.3%,560,700,140,4445,4200,245,385
2017-W22,2017-05-29,2017-06-04,7,4,3,57.1%,560,2800,2240,4445,2100,2345,4585
2017-W23,2017-06-05,2017-06-11,7,2,5,28.6%,560,1400,840,4445,3500,945,1785
2017-W24,2017-06-12,2017-06-18,7,1,6,14.3%,560,700,140,4445,4200,245,385
2017-W25,2017-06-19,2017-06-25,7,1,6,14.3%,560,700,140,4445,4200,245,385
2017-W26,2017-06-26,2017-07-02,7,1,6,14.3%,560,700,140,4445,4200,245,385
2017-W27,2017-07-03,2017-07-09,7,1,6,14.3%,560,700,140,4445,4200,245,385
2017-W28,2017-07-10,2017-07-16,7,0,7,0.0%,560,0,-560,4445,4900,-455,-1015
2017-W29,2017-07-17,2017-07-23,7,2,5,28.6%,560,1400,840,4445,3500,945,1785
2017-W30,2017-07-24,2017-07-30,7,1,6,14.3%,560,700,140,4445,4200,245,385
2017-W31,2017-07-31,2017-08-06,7,1,6,14.3%,560,700,140,4445,4200,245,385
2017-W32,2017-08-07,2017-08-13,7,0,7,0.0%,560,0,-560,4445,4900,-455,-1015
2017-W33,2017-08-14,2017-08-20,7,0,7,0.0%,560,0,-560,4445,4900,-455,-1015
2017-W34,2017-08-21,2017-08-27,7,0,7,0.0%,560,0,-560,4445,4900,-455,-1015
2017-W35,2017-08-28,2017-09-03,7,2,5,28.6%,560,1400,840,4445,3500,945,1785
2017-W36,2017-09-04,2017-09-10,7,1,6,14.3%,560,700,140,4445,4200,245,385
2017-W37,2017-09-11,2017-09-17,7,0,7,0.0%,560,0,-560,4445,4900,-455,-1015
2017-W38,2017-09-18,2017-09-24,7,0,7,0.0%,560,0,-560,4445,4900,-455,-1015
2017-W39,2017-09-25,2017-10-01,7,2,5,28.6%,560,1400,840,4445,3500,945,1785
2017-W40,2017-10-02,2017-10-08,7,1,6,14.3%,560,700,140,4445,4200,245,385
2017-W41,2017-10-09,2017-10-15,7,2,5,28.6%,560,1400,840,4445,3500,945,1785
2017-W42,2017-10-16,2017-10-22,7,0,7,0.0%,560,0,-560,4445,4900,-455,-1015
2017-W43,2017-10-23,2017-10-29,7,0,7,0.0%,560,0,-560,4445,4900,-455,-1015
2017-W44,2017-10-30,2017-11-05,7,1,6,14.3%,560,700,140,4445,4200,245,385
2017-W45,2017-11-06,2017-11-12,7,2,5,28.6%,560,1400,840,4445,3500,945,1785
2017-W46,2017-11-13,2017-11-19,7,2,5,28.6%,560,1400,840,4445,3500,945,1785
2017-W47,2017-11-20,2017-11-26,7,1,6,14.3%,560,700,140,4445,4200,245,385
2017-W48,2017-11-27,2017-12-03,7,3,4,42.9%,560,2100,1540,4445,2800,1645,3185
2017-W49,2017-12-04,2017-12-10,7,3,4,42.9%,560,2100,1540,4445,2800,1645,3185
2017-W50,2017-12-11,2017-12-17,7,3,4,42.9%,560,2100,1540,4445,2800,1645,3185
2017-W51,2017-12-18,2017-12-24,7,1,6,14.3%,560,700,140,4445,4200,245,385
2017-W52,2017-12-25,2017-12-31,7,1,6,14.3%,560,700,140,4445,4200,245,385
2018-W01,2018-01-01,2018-01-07,7,2,5,28.6%,560,1400,840,4445,3500,945,1785
2018-W02,2018-01-08,2018-01-14,7,2,5,28.6%,560,1400,840,4445,3500,945,1785
2018-W03,2018-01-15,2018-01-21,7,0,7,0.0%,560,0,-560,4445,4900,-455,-1015
2018-W04,2018-01-22,2018-01-28,7,1,6,14.3%,560,700,140,4445,4200,245,385
2018-W05,2018-01-29,2018-02-04,7,2,5,28.6%,560,1400,840,4445,3500,945,1785
2018-W06,2018-02-05,2018-02-11,7,2,5,28.6%,560,1400,840,4445,3500,945,1785
2018-W07,2018-02-12,2018-02-14,3,0,3,0.0%,240,0,-240,1905,2100,-195,-435
2018-W08,2018-02-19,2018-02-25,7,2,5,28.6%,696,1400,704,4324,3500,824,1528
2018-W09,2018-02-26,2018-03-04,7,0,7,0.0%,560,0,-560,4445,4900,-455,-1015
2018-W10,2018-03-05,2018-03-11,7,2,5,28.6%,560,1400,840,4445,3500,945,1785
2018-W11,2018-03-12,2018-03-18,7,2,5,28.6%,560,1400,840,4445,3500,945,1785
2018-W12,2018-03-19,2018-03-25,7,2,5,28.6%,560,1400,840,4445,3500,945,1785
2018-W13,2018-03-26,2018-04-01,7,1,6,14.3%,560,700,140,4445,4200,245,385
2018-W14,2018-04-02,2018-04-08,7,1,6,14.3%,560,700,140,4445,4200,245,385
2018-W15,2018-04-09,2018-04-15,7,1,6,14.3%,560,700,140,4445,4200,245,385
2018-W16,2018-04-16,2018-04-22,7,0,7,0.0%,560,0,-560,4445,4900,-455,-1015
2018-W17,2018-04-23,2018-04-29,7,2,5,28.6%,560,1400,840,4445,3500,945,1785
2018-W18,2018-04-30,2018-05-06,7,2,5,28.6%,560,1400,840,4445,3500,945,1785
2018-W19,2018-05-07,2018-05-13,7,2,5,28.6%,560,1400,840,4445,3500,945,1785
2018-W20,2018-05-14,2018-05-20,7,1,6,14.3%,560,700,140,4445,4200,245,385
2018-W21,2018-05-21,2018-05-27,7,2,5,28.6%,560,1400,840,4445,3500,945,1785
2018-W22,2018-05-28,2018-06-03,7,0,7,0.0%,560,0,-560,4445,4900,-455,-1015
2018-W23,2018-06-04,2018-06-10,7,1,6,14.3%,560,700,140,4445,4200,245,385
2018-W24,2018-06-11,2018-06-17,7,2,5,28.6%,560,1400,840,4445,3500,945,1785
2018-W25,2018-06-18,2018-06-24,7,2,5,28.6%,560,1400,840,4445,3500,945,1785
2018-W26,2018-06-25,2018-07-01,7,2,5,28.6%,560,1400,840,4445,3500,945,1785
2018-W27,2018-07-02,2018-07-08,7,2,5,28.6%,560,1400,840,4445,3500,945,1785
2018-W28,2018-07-09,2018-07-15,7,3,4,42.9%,560,2100,1540,4445,2800,1645,3185
2018-W29,2018-07-16,2018-07-22,7,1,6,14.3%,560,700,140,4445,4200,245,385
2018-W30,2018-07-23,2018-07-29,7,1,6,14.3%,560,700,140,4445,4200,245,385
2018-W31,2018-07-30,2018-08-05,7,0,7,0.0%,560,0,-560,4445,4900,-455,-1015
2018-W32,2018-08-06,2018-08-12,7,1,6,14.3%,560,700,140,4445,4200,245,385
2018-W33,2018-08-13,2018-08-19,7,3,4,42.9%,560,2100,1540,4445,2800,1645,3185
2018-W34,2018-08-20,2018-08-26,7,0,7,0.0%,560,0,-560,4445,4900,-455,-1015
2018-W35,2018-08-27,2018-09-02,7,3,4,42.9%,560,2100,1540,4445,2800,1645,3185
2018-W36,2018-09-03,2018-09-09,7,1,6,14.3%,560,700,140,4445,4200,245,385
2018-W37,2018-09-10,2018-09-16,7,1,6,14.3%,560,700,140,4445,4200,245,385
2018-W38,2018-09-17,2018-09-23,7,2,5,28.6%,560,1400,840,4445,3500,945,1785
2018-W39,2018-09-24,2018-09-30,7,0,7,0.0%,560,0,-560,4445,4900,-455,-1015
2018-W40,2018-10-01,2018-10-07,7,2,5,28.6%,560,1400,840,4445,3500,945,1785
2018-W41,2018-10-08,2018-10-14,7,1,6,14.3%,560,700,140,4445,4200,245,385
2018-W42,2018-10-15,2018-10-21,7,1,6,14.3%,560,700,140,4445,4200,245,385
2018-W43,2018-10-22,2018-10-28,7,1,6,14.3%,560,700,140,4445,4200,245,385
2018-W44,2018-10-29,2018-11-04,7,1,6,14.3%,560,700,140,4445,4200,245,385
2018-W45,2018-11-05,2018-11-11,7,1,6,14.3%,560,700,140,4445,4200,245,385
2018-W46,2018-11-12,2018-11-18,7,1,6,14.3%,560,700,140,4445,4200,245,385
2018-W47,2018-11-19,2018-11-25,7,2,5,28.6%,560,1400,840,4445,3500,945,1785
2018-W48,2018-11-26,2018-12-02,7,1,6,14.3%,560,700,140,4445,4200,245,385
2018-W49,2018-12-03,2018-12-09,7,1,6,14.3%,560,700,140,4445,4200,245,385
2018-W50,2018-12-10,2018-12-16,7,2,5,28.6%,560,1400,840,4445,3500,945,1785
2018-W51,2018-12-17,2018-12-23,7,2,5,28.6%,560,1400,840,4445,3500,945,1785
2018-W52,2018-12-24,2018-12-30,7,2,5,28.6%,560,1400,840,4445,3500,945,1785
2019-W01,2018-12-31,2019-01-06,7,3,4,42.9%,560,2100,1540,4445,2800,1645,3185
2019-W02,2019-01-07,2019-01-13,7,0,7,0.0%,560,0,-560,4445,4900,-455,-1015
2019-W03,2019-01-14,2019-01-20,7,1,6,14.3%,560,700,140,4445,4200,245,385
2019-W04,2019-01-21,2019-01-27,7,2,5,28.6%,560,1400,840,4445,3500,945,1785
2019-W05,2019-01-28,2019-02-03,7,0,7,0.0%,560,0,-560,4445,4900,-455,-1015
2019-W06,2019-02-08,2019-02-10,3,0,3,0.0%,520,0,-520,1657,2100,-443,-963
2019-W07,2019-02-11,2019-02-17,7,2,5,28.6%,560,1400,840,4445,3500,945,1785
2019-W08,2019-02-18,2019-02-24,7,1,6,14.3%,560,700,140,4445,4200,245,385
2019-W09,2019-02-25,2019-03-03,7,1,6,14.3%,560,700,140,4445,4200,245,385
2019-W10,2019-03-04,2019-03-10,7,3,4,42.9%,560,2100,1540,4445,2800,1645,3185
2019-W11,2019-03-11,2019-03-17,7,2,5,28.6%,560,1400,840,4445,3500,945,1785
2019-W12,2019-03-18,2019-03-24,7,1,6,14.3%,560,700,140,4445,4200,245,385
2019-W13,2019-03-25,2019-03-31,7,1,6,14.3%,560,700,140,4445,4200,245,385
2019-W14,2019-04-01,2019-04-07,7,0,7,0.0%,560,0,-560,4445,4900,-455,-1015
2019-W15,2019-04-08,2019-04-14,7,1,6,14.3%,560,700,140,4445,4200,245,385
2019-W16,2019-04-15,2019-04-21,7,0,7,0.0%,560,0,-560,4445,4900,-455,-1015
2019-W17,2019-04-22,2019-04-28,7,1,6,14.3%,560,700,140,4445,4200,245,385
2019-W18,2019-04-29,2019-05-05,7,2,5,28.6%,560,1400,840,4445,3500,945,1785
2019-W19,2019-05-06,2019-05-12,7,1,6,14.3%,560,700,140,4445,4200,245,385
2019-W20,2019-05-13,2019-05-19,7,0,7,0.0%,560,0,-560,4445,4900,-455,-1015
2019-W21,2019-05-20,2019-05-26,7,1,6,14.3%,560,700,140,4445,4200,245,385
2019-W22,2019-05-27,2019-06-02,7,0,7,0.0%,560,0,-560,4445,4900,-455,-1015
2019-W23,2019-06-03,2019-06-09,7,1,6,14.3%,560,700,140,4445,4200,245,385
2019-W24,2019-06-10,2019-06-16,7,1,6,14.3%,560,700,140,4445,4200,245,385
2019-W25,2019-06-17,2019-06-23,7,1,6,14.3%,560,700,140,4445,4200,245,385
2019-W26,2019-06-24,2019-06-30,7,4,3,57.1%,560,2800,2240,4445,2100,2345,4585
2019-W27,2019-07-01,2019-07-07,7,2,5,28.6%,560,1400,840,4445,3500,945,1785
2019-W28,2019-07-08,2019-07-14,7,2,5,28.6%,560,1400,840,4445,3500,945,1785
2019-W29,2019-07-15,2019-07-21,7,2,5,28.6%,560,1400,840,4445,3500,945,1785
2019-W30,2019-07-22,2019-07-28,7,1,6,14.3%,560,700,140,4445,4200,245,385
2019-W31,2019-07-29,2019-08-04,7,3,4,42.9%,560,2100,1540,4445,2800,1645,3185
2019-W32,2019-08-05,2019-08-11,7,1,6,14.3%,560,700,140,4445,4200,245,385
2019-W33,2019-08-12,2019-08-18,7,0,7,0.0%,560,0,-560,4445,4900,-455,-1015
2019-W34,2019-08-19,2019-08-25,7,0,7,0.0%,560,0,-560,4445,4900,-455,-1015
2019-W35,2019-08-26,2019-09-01,7,1,6,14.3%,560,700,140,4445,4200,245,385
2019-W36,2019-09-02,2019-09-08,7,1,6,14.3%,560,700,140,4445,4200,245,385
2019-W37,2019-09-09,2019-09-15,7,2,5,28.6%,560,1400,840,4445,3500,945,1785
2019-W38,2019-09-16,2019-09-22,7,1,6,14.3%,560,700,140,4445,4200,245,385
2019-W39,2019-09-23,2019-09-29,7,1,6,14.3%,560,700,140,4445,4200,245,385
2019-W40,2019-09-30,2019-10-06,7,1,6,14.3%,560,700,140,4445,4200,245,385
2019-W41,2019-10-07,2019-10-13,7,0,7,0.0%,560,0,-560,4445,4900,-455,-1015
2019-W42,2019-10-14,2019-10-20,7,0,7,0.0%,560,0,-560,4445,4900,-455,-1015
2019-W43,2019-10-21,2019-10-27,7,1,6,14.3%,560,700,140,4445,4200,245,385
2019-W44,2019-10-28,2019-11-03,7,3,4,42.9%,560,2100,1540,4445,2800,1645,3185
2019-W45,2019-11-04,2019-11-10,7,1,6,14.3%,560,700,140,4445,4200,245,385
2019-W46,2019-11-11,2019-11-17,7,3,4,42.9%,560,2100,1540,4445,2800,1645,3185
2019-W47,2019-11-18,2019-11-24,7,0,7,0.0%,560,0,-560,4445,4900,-455,-1015
2019-W48,2019-11-25,2019-12-01,7,3,4,42.9%,560,2100,1540,4445,2800,1645,3185
2019-W49,2019-12-02,2019-12-08,7,1,6,14.3%,560,700,140,4445,4200,245,385
2019-W50,2019-12-09,2019-12-15,7,1,6,14.3%,560,700,140,4445,4200,245,385
2019-W51,2019-12-16,2019-12-22,7,2,5,28.6%,560,1400,840,4445,3500,945,1785
2019-W52,2019-12-23,2019-12-29,7,1,6,14.3%,560,700,140,4445,4200,245,385
2020-W01,2019-12-30,2020-01-05,7,1,6,14.3%,560,700,140,4445,4200,245,385
2020-W02,2020-01-06,2020-01-12,7,2,5,28.6%,560,1400,840,4445,3500,945,1785
2020-W03,2020-01-13,2020-01-19,7,2,5,28.6%,560,1400,840,4445,3500,945,1785
2020-W04,2020-01-20,2020-01-23,4,0,4,0.0%,320,0,-320,2540,2800,-260,-580
2020-W05,2020-01-28,2020-02-02,6,1,5,16.7%,784,700,-84,3541,3500,41,-43
2020-W06,2020-02-03,2020-02-09,7,2,5,28.6%,560,1400,840,4445,3500,945,1785
2020-W07,2020-02-10,2020-02-16,7,2,5,28.6%,560,1400,840,4445,3500,945,1785
2020-W08,2020-02-17,2020-02-23,7,5,2,71.4%,560,3500,2940,4445,1400,3045,5985
2020-W09,2020-02-24,2020-03-01,7,1,6,14.3%,560,700,140,4445,4200,245,385
2020-W10,2020-03-02,2020-03-08,7,1,6,14.3%,560,700,140,4445,4200,245,385
2020-W11,2020-03-09,2020-03-15,7,1,6,14.3%,560,700,140,4445,4200,245,385
2020-W12,2020-03-16,2020-03-22,7,1,6,14.3%,560,700,140,4445,4200,245,385
2020-W13,2020-03-23,2020-03-29,7,2,5,28.6%,560,1400,840,4445,3500,945,1785
2020-W14,2020-03-30,2020-03-31,2,0,2,0.0%,160,0,-160,1270,1400,-130,-290
2020-W17,2020-04-23,2020-04-26,4,0,4,0.0%,648,0,-648,2250,2800,-550,-1198
2020-W18,2020-04-27,2020-05-03,7,1,6,14.3%,560,700,140,4445,4200,245,385
2020-W19,2020-05-04,2020-05-10,7,1,6,14.3%,560,700,140,4445,4200,245,385
2020-W20,2020-05-11,2020-05-17,7,2,5,28.6%,560,1400,840,4445,3500,945,1785
2020-W21,2020-05-18,2020-05-24,7,2,5,28.6%,560,1400,840,4445,3500,945,1785
2020-W22,2020-05-25,2020-05-31,7,1,6,14.3%,560,700,140,4445,4200,245,385
2020-W23,2020-06-01,2020-06-07,7,1,6,14.3%,560,700,140,4445,4200,245,385
2020-W24,2020-06-08,2020-06-14,7,2,5,28.6%,560,1400,840,4445,3500,945,1785
2020-W25,2020-06-15,2020-06-21,7,1,6,14.3%,560,700,140,4445,4200,245,385
2020-W26,2020-06-22,2020-06-28,7,0,7,0.0%,560,0,-560,4445,4900,-455,-1015
2020-W27,2020-06-29,2020-07-05,7,1,6,14.3%,560,700,140,4445,4200,245,385
2020-W28,2020-07-06,2020-07-12,7,1,6,14.3%,560,700,140,4445,4200,245,385
2020-W29,2020-07-13,2020-07-19,7,2,5,28.6%,560,1400,840,4445,3500,945,1785
2020-W30,2020-07-20,2020-07-26,7,1,6,14.3%,560,700,140,4445,4200,245,385
2020-W31,2020-07-27,2020-08-02,7,4,3,57.1%,560,2800,2240,4445,2100,2345,4585
2020-W32,2020-08-03,2020-08-09,7,1,6,14.3%,560,700,140,4445,4200,245,385
2020-W33,2020-08-10,2020-08-16,7,2,5,28.6%,560,1400,840,4445,3500,945,1785
2020-W34,2020-08-17,2020-08-23,7,1,6,14.3%,560,700,140,4445,4200,245,385
2020-W35,2020-08-24,2020-08-30,7,0,7,0.0%,560,0,-560,4445,4900,-455,-1015
2020-W36,2020-08-31,2020-09-06,7,3,4,42.9%,560,2100,1540,4445,2800,1645,3185
2020-W37,2020-09-07,2020-09-13,7,3,4,42.9%,560,2100,1540,4445,2800,1645,3185
2020-W38,2020-09-14,2020-09-20,7,0,7,0.0%,560,0,-560,4445,4900,-455,-1015
2020-W39,2020-09-21,2020-09-27,7,4,3,57.1%,560,2800,2240,4445,2100,2345,4585
2020-W40,2020-09-28,2020-10-04,7,1,6,14.3%,560,700,140,4445,4200,245,385
2020-W41,2020-10-05,2020-10-11,7,1,6,14.3%,560,700,140,4445,4200,245,385
2020-W42,2020-10-12,2020-10-18,7,0,7,0.0%,560,0,-560,4445,4900,-455,-1015
2020-W43,2020-10-19,2020-10-25,7,1,6,14.3%,560,700,140,4445,4200,245,385
2020-W44,2020-10-26,2020-11-01,7,1,6,14.3%,560,700,140,4445,4200,245,385
2020-W45,2020-11-02,2020-11-08,7,1,6,14.3%,560,700,140,4445,4200,245,385
2020-W46,2020-11-09,2020-11-15,7,1,6,14.3%,560,700,140,4445,4200,245,385
2020-W47,2020-11-16,2020-11-22,7,2,5,28.6%,560,1400,840,4445,3500,945,1785
2020-W48,2020-11-23,2020-11-29,7,1,6,14.3%,560,700,140,4445,4200,245,385
2020-W49,2020-11-30,2020-12-06,7,0,7,0.0%,560,0,-560,4445,4900,-455,-1015
2020-W50,2020-12-07,2020-12-13,7,2,5,28.6%,560,1400,840,4445,3500,945,1785
2020-W51,2020-12-14,2020-12-20,7,1,6,14.3%,560,700,140,4445,4200,245,385
2020-W52,2020-12-21,2020-12-27,7,3,4,42.9%,560,2100,1540,4445,2800,1645,3185
2020-W53,2020-12-28,2021-01-03,7,3,4,42.9%,560,2100,1540,4445,2800,1645,3185
2021-W01,2021-01-04,2021-01-10,7,2,5,28.6%,560,1400,840,4445,3500,945,1785
2021-W02,2021-01-11,2021-01-17,7,1,6,14.3%,560,700,140,4445,4200,245,385
2021-W03,2021-01-18,2021-01-24,7,0,7,0.0%,560,0,-560,4445,4900,-455,-1015
2021-W04,2021-01-25,2021-01-31,7,1,6,14.3%,560,700,140,4445,4200,245,385
2021-W05,2021-02-01,2021-02-07,7,0,7,0.0%,560,0,-560,4445,4900,-455,-1015
2021-W06,2021-02-08,2021-02-10,3,1,2,33.3%,240,700,460,1905,1400,505,965
2021-W07,2021-02-15,2021-02-21,7,2,5,28.6%,1040,1400,360,4021,3500,521,881
2021-W08,2021-02-22,2021-02-28,7,2,5,28.6%,560,1400,840,4445,3500,945,1785
2021-W09,2021-03-01,2021-03-07,7,0,7,0.0%,560,0,-560,4445,4900,-455,-1015
2021-W10,2021-03-08,2021-03-14,7,2,5,28.6%,560,1400,840,4445,3500,945,1785
2021-W11,2021-03-15,2021-03-21,7,0,7,0.0%,560,0,-560,4445,4900,-455,-1015
2021-W12,2021-03-22,2021-03-28,7,3,4,42.9%,560,2100,1540,4445,2800,1645,3185
2021-W13,2021-03-29,2021-04-04,7,1,6,14.3%,560,700,140,4445,4200,245,385
2021-W14,2021-04-05,2021-04-11,7,2,5,28.6%,560,1400,840,4445,3500,945,1785
2021-W15,2021-04-12,2021-04-18,7,3,4,42.9%,560,2100,1540,4445,2800,1645,3185
2021-W16,2021-04-19,2021-04-25,7,0,7,0.0%,560,0,-560,4445,4900,-455,-1015
2021-W17,2021-04-26,2021-05-02,7,1,6,14.3%,560,700,140,4445,4200,245,385
2021-W18,2021-05-03,2021-05-09,7,0,7,0.0%,560,0,-560,4445,4900,-455,-1015
2021-W19,2021-05-10,2021-05-16,7,2,5,28.6%,560,1400,840,4445,3500,945,1785
2021-W20,2021-05-17,2021-05-23,7,0,7,0.0%,560,0,-560,4445,4900,-455,-1015
2021-W21,2021-05-24,2021-05-30,7,0,7,0.0%,560,0,-560,4445,4900,-455,-1015
2021-W22,2021-05-31,2021-06-06,7,1,6,14.3%,560,700,140,4445,4200,245,385
2021-W23,2021-06-07,2021-06-13,7,1,6,14.3%,560,700,140,4445,4200,245,385
2021-W24,2021-06-14,2021-06-20,7,0,7,0.0%,560,0,-560,4445,4900,-455,-1015
2021-W25,2021-06-21,2021-06-27,7,0,7,0.0%,560,0,-560,4445,4900,-455,-1015
2021-W26,2021-06-28,2021-07-04,7,2,5,28.6%,560,1400,840,4445,3500,945,1785
2021-W27,2021-07-05,2021-07-11,7,1,6,14.3%,560,700,140,4445,4200,245,385
2021-W28,2021-07-12,2021-07-18,7,3,4,42.9%,560,2100,1540,4445,2800,1645,3185
2021-W29,2021-07-19,2021-07-25,7,2,5,28.6%,560,1400,840,4445,3500,945,1785
2021-W30,2021-07-26,2021-08-01,7,0,7,0.0%,560,0,-560,4445,4900,-455,-1015
2021-W31,2021-08-02,2021-08-08,7,2,5,28.6%,560,1400,840,4445,3500,945,1785
2021-W32,2021-08-09,2021-08-15,7,2,5,28.6%,560,1400,840,4445,3500,945,1785
2021-W33,2021-08-16,2021-08-22,7,1,6,14.3%,560,700,140,4445,4200,245,385
2021-W34,2021-08-23,2021-08-29,7,2,5,28.6%,560,1400,840,4445,3500,945,1785
2021-W35,2021-08-30,2021-09-05,7,1,6,14.3%,560,700,140,4445,4200,245,385
2021-W36,2021-09-06,2021-09-12,7,2,5,28.6%,560,1400,840,4445,3500,945,1785
2021-W37,2021-09-13,2021-09-19,7,0,7,0.0%,560,0,-560,4445,4900,-455,-1015
2021-W38,2021-09-20,2021-09-26,7,0,7,0.0%,560,0,-560,4445,4900,-455,-1015
2021-W39,2021-09-27,2021-10-03,7,2,5,28.6%,560,1400,840,4445,3500,945,1785
2021-W40,2021-10-04,2021-10-10,7,0,7,0.0%,560,0,-560,4445,4900,-455,-1015
2021-W41,2021-10-11,2021-10-17,7,2,5,28.6%,560,1400,840,4445,3500,945,1785
2021-W42,2021-10-18,2021-10-24,7,1,6,14.3%,560,700,140,4445,4200,245,385
2021-W43,2021-10-25,2021-10-31,7,2,5,28.6%,560,1400,840,4445,3500,945,1785
2021-W44,2021-11-01,2021-11-07,7,5,2,71.4%,560,3500,2940,4445,1400,3045,5985
2021-W45,2021-11-08,2021-11-14,7,1,6,14.3%,560,700,140,4445,4200,245,385
2021-W46,2021-11-15,2021-11-21,7,0,7,0.0%,560,0,-560,4445,4900,-455,-1015
2021-W47,2021-11-22,2021-11-28,7,0,7,0.0%,560,0,-560,4445,4900,-455,-1015
2021-W48,2021-11-29,2021-12-05,7,1,6,14.3%,560,700,140,4445,4200,245,385
2021-W49,2021-12-06,2021-12-12,7,1,6,14.3%,560,700,140,4445,4200,245,385
2021-W50,2021-12-13,2021-12-19,7,0,7,0.0%,560,0,-560,4445,4900,-455,-1015
2021-W51,2021-12-20,2021-12-26,7,1,6,14.3%,560,700,140,4445,4200,245,385
2021-W52,2021-12-27,2022-01-02,7,1,6,14.3%,560,700,140,4445,4200,245,385
2022-W01,2022-01-03,2022-01-09,7,0,7,0.0%,560,0,-560,4445,4900,-455,-1015
2022-W02,2022-01-10,2022-01-16,7,1,6,14.3%,560,700,140,4445,4200,245,385
2022-W03,2022-01-17,2022-01-23,7,3,4,42.9%,560,2100,1540,4445,2800,1645,3185
2022-W04,2022-01-24,2022-01-30,7,0,7,0.0%,560,0,-560,4445,4900,-455,-1015
2022-W05,2022-02-04,2022-02-06,3,1,2,33.3%,672,700,28,1523,1400,123,151
2022-W06,2022-02-07,2022-02-13,7,1,6,14.3%,560,700,140,4445,4200,245,385
2022-W07,2022-02-14,2022-02-20,7,1,6,14.3%,560,700,140,4445,4200,245,385
2022-W08,2022-02-21,2022-02-27,7,1,6,14.3%,560,700,140,4445,4200,245,385
2022-W09,2022-02-28,2022-03-06,7,1,6,14.3%,560,700,140,4445,4200,245,385
2022-W10,2022-03-07,2022-03-13,7,1,6,14.3%,560,700,140,4445,4200,245,385
2022-W11,2022-03-14,2022-03-20,7,1,6,14.3%,560,700,140,4445,4200,245,385
2022-W12,2022-03-21,2022-03-27,7,1,6,14.3%,560,700,140,4445,4200,245,385
2022-W13,2022-03-28,2022-04-03,7,1,6,14.3%,560,700,140,4445,4200,245,385
2022-W14,2022-04-04,2022-04-10,7,1,6,14.3%,560,700,140,4445,4200,245,385
2022-W15,2022-04-11,2022-04-17,7,0,7,0.0%,560,0,-560,4445,4900,-455,-1015
2022-W16,2022-04-18,2022-04-24,7,1,6,14.3%,560,700,140,4445,4200,245,385
2022-W17,2022-04-25,2022-05-01,7,3,4,42.9%,560,2100,1540,4445,2800,1645,3185
2022-W18,2022-05-02,2022-05-08,7,1,6,14.3%,560,700,140,4445,4200,245,385
2022-W19,2022-05-09,2022-05-15,7,2,5,28.6%,560,1400,840,4445,3500,945,1785
2022-W20,2022-05-16,2022-05-22,7,2,5,28.6%,560,1400,840,4445,3500,945,1785
2022-W21,2022-05-23,2022-05-29,7,1,6,14.3%,560,700,140,4445,4200,245,385
2022-W22,2022-05-30,2022-06-05,7,1,6,14.3%,560,700,140,4445,4200,245,385
2022-W23,2022-06-06,2022-06-12,7,1,6,14.3%,560,700,140,4445,4200,245,385
2022-W24,2022-06-13,2022-06-19,7,1,6,14.3%,560,700,140,4445,4200,245,385
2022-W25,2022-06-20,2022-06-26,7,2,5,28.6%,560,1400,840,4445,3500,945,1785
2022-W26,2022-06-27,2022-07-03,7,1,6,14.3%,560,700,140,4445,4200,245,385
2022-W27,2022-07-04,2022-07-10,7,3,4,42.9%,560,2100,1540,4445,2800,1645,3185
2022-W28,2022-07-11,2022-07-17,7,0,7,0.0%,560,0,-560,4445,4900,-455,-1015
2022-W29,2022-07-18,2022-07-24,7,2,5,28.6%,560,1400,840,4445,3500,945,1785
2022-W30,2022-07-25,2022-07-31,7,3,4,42.9%,560,2100,1540,4445,2800,1645,3185
2022-W31,2022-08-01,2022-08-07,7,2,5,28.6%,560,1400,840,4445,3500,945,1785
2022-W32,2022-08-08,2022-08-14,7,1,6,14.3%,560,700,140,4445,4200,245,385
2022-W33,2022-08-15,2022-08-21,7,2,5,28.6%,560,1400,840,4445,3500,945,1785
2022-W34,2022-08-22,2022-08-28,7,0,7,0.0%,560,0,-560,4445,4900,-455,-1015
2022-W35,2022-08-29,2022-09-04,7,1,6,14.3%,560,700,140,4445,4200,245,385
2022-W36,2022-09-05,2022-09-11,7,3,4,42.9%,560,2100,1540,4445,2800,1645,3185
2022-W37,2022-09-12,2022-09-18,7,1,6,14.3%,560,700,140,4445,4200,245,385
2022-W38,2022-09-19,2022-09-25,7,2,5,28.6%,560,1400,840,4445,3500,945,1785
2022-W39,2022-09-26,2022-10-02,7,0,7,0.0%,560,0,-560,4445,4900,-455,-1015
2022-W40,2022-10-03,2022-10-09,7,1,6,14.3%,560,700,140,4445,4200,245,385
2022-W41,2022-10-10,2022-10-16,7,1,6,14.3%,560,700,140,4445,4200,245,385
2022-W42,2022-10-17,2022-10-23,7,0,7,0.0%,560,0,-560,4445,4900,-455,-1015
2022-W43,2022-10-24,2022-10-30,7,0,7,0.0%,560,0,-560,4445,4900,-455,-1015
2022-W44,2022-10-31,2022-11-06,7,2,5,28.6%,560,1400,840,4445,3500,945,1785
2022-W45,2022-11-07,2022-11-13,7,1,6,14.3%,560,700,140,4445,4200,245,385
2022-W46,2022-11-14,2022-11-20,7,1,6,14.3%,560,700,140,4445,4200,245,385
2022-W47,2022-11-21,2022-11-27,7,1,6,14.3%,560,700,140,4445,4200,245,385
2022-W48,2022-11-28,2022-12-04,7,2,5,28.6%,560,1400,840,4445,3500,945,1785
2022-W49,2022-12-05,2022-12-11,7,0,7,0.0%,560,0,-560,4445,4900,-455,-1015
2022-W50,2022-12-12,2022-12-18,7,2,5,28.6%,560,1400,840,4445,3500,945,1785
2022-W51,2022-12-19,2022-12-25,7,2,5,28.6%,560,1400,840,4445,3500,945,1785
2022-W52,2022-12-26,2023-01-01,7,2,5,28.6%,560,1400,840,4445,3500,945,1785
2023-W01,2023-01-02,2023-01-08,7,2,5,28.6%,560,1400,840,4445,3500,945,1785
2023-W02,2023-01-09,2023-01-15,7,2,5,28.6%,560,1400,840,4445,3500,945,1785
2023-W03,2023-01-16,2023-01-20,5,0,5,0.0%,400,0,-400,3175,3500,-325,-725
2023-W04,2023-01-25,2023-01-29,5,1,4,20.0%,792,700,-92,2829,2800,29,-63
2023-W05,2023-01-30,2023-02-05,7,1,6,14.3%,560,700,140,4445,4200,245,385
2023-W06,2023-02-06,2023-02-12,7,1,6,14.3%,560,700,140,4445,4200,245,385
2023-W07,2023-02-13,2023-02-19,7,0,7,0.0%,560,0,-560,4445,4900,-455,-1015
2023-W08,2023-02-20,2023-02-26,7,3,4,42.9%,560,2100,1540,4445,2800,1645,3185
2023-W09,2023-02-27,2023-03-05,7,1,6,14.3%,560,700,140,4445,4200,245,385
2023-W10,2023-03-06,2023-03-12,7,2,5,28.6%,560,1400,840,4445,3500,945,1785
2023-W11,2023-03-13,2023-03-19,7,2,5,28.6%,560,1400,840,4445,3500,945,1785
2023-W12,2023-03-20,2023-03-26,7,2,5,28.6%,560,1400,840,4445,3500,945,1785
2023-W13,2023-03-27,2023-04-02,7,2,5,28.6%,560,1400,840,4445,3500,945,1785
2023-W14,2023-04-03,2023-04-09,7,1,6,14.3%,560,700,140,4445,4200,245,385
2023-W15,2023-04-10,2023-04-16,7,1,6,14.3%,560,700,140,4445,4200,245,385
2023-W16,2023-04-17,2023-04-23,7,2,5,28.6%,560,1400,840,4445,3500,945,1785
2023-W17,2023-04-24,2023-04-30,7,1,6,14.3%,560,700,140,4445,4200,245,385
2023-W18,2023-05-01,2023-05-07,7,1,6,14.3%,560,700,140,4445,4200,245,385
2023-W19,2023-05-08,2023-05-14,7,3,4,42.9%,560,2100,1540,4445,2800,1645,3185
2023-W20,2023-05-15,2023-05-21,7,0,7,0.0%,560,0,-560,4445,4900,-455,-1015
2023-W21,2023-05-22,2023-05-28,7,1,6,14.3%,560,700,140,4445,4200,245,385
2023-W22,2023-05-29,2023-06-04,7,1,6,14.3%,560,700,140,4445,4200,245,385
2023-W23,2023-06-05,2023-06-11,7,1,6,14.3%,560,700,140,4445,4200,245,385
2023-W24,2023-06-12,2023-06-18,7,1,6,14.3%,560,700,140,4445,4200,245,385
2023-W25,2023-06-19,2023-06-25,7,2,5,28.6%,560,1400,840,4445,3500,945,1785
2023-W26,2023-06-26,2023-07-02,7,2,5,28.6%,560,1400,840,4445,3500,945,1785
2023-W27,2023-07-03,2023-07-09,7,1,6,14.3%,560,700,140,4445,4200,245,385
2023-W28,2023-07-10,2023-07-16,7,1,6,14.3%,560,700,140,4445,4200,245,385
2023-W29,2023-07-17,2023-07-23,7,1,6,14.3%,560,700,140,4445,4200,245,385
2023-W30,2023-07-24,2023-07-30,7,2,5,28.6%,560,1400,840,4445,3500,945,1785
2023-W31,2023-07-31,2023-08-06,7,2,5,28.6%,560,1400,840,4445,3500,945,1785
2023-W32,2023-08-07,2023-08-13,7,1,6,14.3%,560,700,140,4445,4200,245,385
2023-W33,2023-08-14,2023-08-20,7,1,6,14.3%,560,700,140,4445,4200,245,385
2023-W34,2023-08-21,2023-08-27,7,1,6,14.3%,560,700,140,4445,4200,245,385
2023-W35,2023-08-28,2023-09-03,7,0,7,0.0%,560,0,-560,4445,4900,-455,-1015
2023-W36,2023-09-04,2023-09-10,7,2,5,28.6%,560,1400,840,4445,3500,945,1785
2023-W37,2023-09-11,2023-09-17,7,2,5,28.6%,560,1400,840,4445,3500,945,1785
2023-W38,2023-09-18,2023-09-24,7,2,5,28.6%,560,1400,840,4445,3500,945,1785
2023-W39,2023-09-25,2023-10-01,7,1,6,14.3%,560,700,140,4445,4200,245,385
2023-W40,2023-10-02,2023-10-08,7,2,5,28.6%,560,1400,840,4445,3500,945,1785
2023-W41,2023-10-09,2023-10-15,7,2,5,28.6%,560,1400,840,4445,3500,945,1785
2023-W42,2023-10-16,2023-10-22,7,1,6,14.3%,560,700,140,4445,4200,245,385
2023-W43,2023-10-23,2023-10-29,7,3,4,42.9%,560,2100,1540,4445,2800,1645,3185
2023-W44,2023-10-30,2023-11-05,7,1,6,14.3%,560,700,140,4445,4200,245,385
2023-W45,2023-11-06,2023-11-12,7,2,5,28.6%,560,1400,840,4445,3500,945,1785
2023-W46,2023-11-13,2023-11-19,7,3,4,42.9%,560,2100,1540,4445,2800,1645,3185
2023-W47,2023-11-20,2023-11-26,7,1,6,14.3%,560,700,140,4445,4200,245,385
2023-W48,2023-11-27,2023-12-03,7,0,7,0.0%,560,0,-560,4445,4900,-455,-1015
2023-W49,2023-12-04,2023-12-10,7,1,6,14.3%,560,700,140,4445,4200,245,385
2023-W50,2023-12-11,2023-12-17,7,1,6,14.3%,560,700,140,4445,4200,245,385
2023-W51,2023-12-18,2023-12-24,7,2,5,28.6%,560,1400,840,4445,3500,945,1785
2023-W52,2023-12-25,2023-12-31,7,1,6,14.3%,560,700,140,4445,4200,245,385
2024-W01,2024-01-01,2024-01-07,7,2,5,28.6%,560,1400,840,4445,3500,945,1785
2024-W02,2024-01-08,2024-01-14,7,2,5,28.6%,560,1400,840,4445,3500,945,1785
2024-W03,2024-01-15,2024-01-21,7,1,6,14.3%,560,700,140,4445,4200,245,385
2024-W04,2024-01-22,2024-01-28,7,1,6,14.3%,560,700,140,4445,4200,245,385
2024-W05,2024-01-29,2024-02-04,7,2,5,28.6%,560,1400,840,4445,3500,945,1785
2024-W06,2024-02-05,2024-02-08,4,2,2,50.0%,320,1400,1080,2540,1400,1140,2220
2024-W07,2024-02-13,2024-02-18,6,0,6,0.0%,880,0,-880,3456,4200,-744,-1624
2024-W08,2024-02-19,2024-02-25,7,1,6,14.3%,560,700,140,4445,4200,245,385
2024-W09,2024-02-26,2024-03-03,7,1,6,14.3%,560,700,140,4445,4200,245,385
2024-W10,2024-03-04,2024-03-10,7,2,5,28.6%,560,1400,840,4445,3500,945,1785
2024-W11,2024-03-11,2024-03-17,7,1,6,14.3%,560,700,140,4445,4200,245,385
2024-W12,2024-03-18,2024-03-24,7,3,4,42.9%,560,2100,1540,4445,2800,1645,3185
2024-W13,2024-03-25,2024-03-31,7,1,6,14.3%,560,700,140,4445,4200,245,385
2024-W14,2024-04-01,2024-04-07,7,2,5,28.6%,560,1400,840,4445,3500,945,1785
2024-W15,2024-04-08,2024-04-14,7,0,7,0.0%,560,0,-560,4445,4900,-455,-1015
2024-W16,2024-04-15,2024-04-21,7,3,4,42.9%,560,2100,1540,4445,2800,1645,3185
2024-W17,2024-04-22,2024-04-28,7,1,6,14.3%,560,700,140,4445,4200,245,385
2024-W18,2024-04-29,2024-05-05,7,0,7,0.0%,560,0,-560,4445,4900,-455,-1015
2024-W19,2024-05-06,2024-05-12,7,2,5,28.6%,560,1400,840,4445,3500,945,1785
2024-W20,2024-05-13,2024-05-19,7,1,6,14.3%,560,700,140,4445,4200,245,385
2024-W21,2024-05-20,2024-05-26,7,2,5,28.6%,560,1400,840,4445,3500,945,1785
2024-W22,2024-05-27,2024-06-02,7,2,5,28.6%,560,1400,840,4445,3500,945,1785
2024-W23,2024-06-03,2024-06-09,7,1,6,14.3%,560,700,140,4445,4200,245,385
2024-W24,2024-06-10,2024-06-16,7,1,6,14.3%,560,700,140,4445,4200,245,385
2024-W25,2024-06-17,2024-06-23,7,1,6,14.3%,560,700,140,4445,4200,245,385
2024-W26,2024-06-24,2024-06-30,7,1,6,14.3%,560,700,140,4445,4200,245,385
2024-W27,2024-07-01,2024-07-07,7,2,5,28.6%,560,1400,840,4445,3500,945,1785
2024-W28,2024-07-08,2024-07-14,7,1,6,14.3%,560,700,140,4445,4200,245,385
2024-W29,2024-07-15,2024-07-21,7,0,7,0.0%,560,0,-560,4445,4900,-455,-1015
2024-W30,2024-07-22,2024-07-28,7,1,6,14.3%,560,700,140,4445,4200,245,385
2024-W31,2024-07-29,2024-08-04,7,2,5,28.6%,560,1400,840,4445,3500,945,1785
2024-W32,2024-08-05,2024-08-11,7,2,5,28.6%,560,1400,840,4445,3500,945,1785
2024-W33,2024-08-12,2024-08-18,7,0,7,0.0%,560,0,-560,4445,4900,-455,-1015
2024-W34,2024-08-19,2024-08-25,7,4,3,57.1%,560,2800,2240,4445,2100,2345,4585
2024-W35,2024-08-26,2024-09-01,7,2,5,28.6%,560,1400,840,4445,3500,945,1785
2024-W36,2024-09-02,2024-09-08,7,1,6,14.3%,560,700,140,4445,4200,245,385
2024-W37,2024-09-09,2024-09-15,7,1,6,14.3%,560,700,140,4445,4200,245,385
2024-W38,2024-09-16,2024-09-22,7,1,6,14.3%,560,700,140,4445,4200,245,385
2024-W39,2024-09-23,2024-09-29,7,0,7,0.0%,560,0,-560,4445,4900,-455,-1015
2024-W40,2024-09-30,2024-10-06,7,2,5,28.6%,560,1400,840,4445,3500,945,1785
2024-W41,2024-10-07,2024-10-13,7,0,7,0.0%,560,0,-560,4445,4900,-455,-1015
2024-W42,2024-10-14,2024-10-20,7,3,4,42.9%,560,2100,1540,4445,2800,1645,3185
2024-W43,2024-10-21,2024-10-27,7,1,6,14.3%,560,700,140,4445,4200,245,385
2024-W44,2024-10-28,2024-11-03,7,1,6,14.3%,560,700,140,4445,4200,245,385
2024-W45,2024-11-04,2024-11-10,7,1,6,14.3%,560,700,140,4445,4200,245,385
2024-W46,2024-11-11,2024-11-17,7,2,5,28.6%,560,1400,840,4445,3500,945,1785
2024-W47,2024-11-18,2024-11-24,7,3,4,42.9%,560,2100,1540,4445,2800,1645,3185
2024-W48,2024-11-25,2024-12-01,7,3,4,42.9%,560,2100,1540,4445,2800,1645,3185
2024-W49,2024-12-02,2024-12-08,7,1,6,14.3%,560,700,140,4445,4200,245,385
2024-W50,2024-12-09,2024-12-15,7,0,7,0.0%,560,0,-560,4445,4900,-455,-1015
2024-W51,2024-12-16,2024-12-22,7,0,7,0.0%,560,0,-560,4445,4900,-455,-1015
2024-W52,2024-12-23,2024-12-29,7,2,5,28.6%,560,1400,840,4445,3500,945,1785
2025-W01,2024-12-30,2025-01-05,7,3,4,42.9%,560,2100,1540,4445,2800,1645,3185
2025-W02,2025-01-06,2025-01-12,7,0,7,0.0%,560,0,-560,4445,4900,-455,-1015
2025-W03,2025-01-13,2025-01-19,7,0,7,0.0%,560,0,-560,4445,4900,-455,-1015
2025-W04,2025-01-20,2025-01-26,7,1,6,14.3%,560,700,140,4445,4200,245,385
2025-W05,2025-01-27,2025-02-02,3,1,2,33.3%,496,700,204,1678,1400,278,482
2025-W06,2025-02-03,2025-02-09,7,0,7,0.0%,560,0,-560,4445,4900,-455,-1015
2025-W07,2025-02-10,2025-02-16,7,1,6,14.3%,560,700,140,4445,4200,245,385
2025-W08,2025-02-17,2025-02-23,7,2,5,28.6%,560,1400,840,4445,3500,945,1785
2025-W09,2025-02-24,2025-03-02,7,2,5,28.6%,560,1400,840,4445,3500,945,1785
2025-W10,2025-03-03,2025-03-09,7,2,5,28.6%,560,1400,840,4445,3500,945,1785
2025-W11,2025-03-10,2025-03-16,7,2,5,28.6%,560,1400,840,4445,3500,945,1785
2025-W12,2025-03-17,2025-03-23,7,1,6,14.3%,560,700,140,4445,4200,245,385
2025-W13,2025-03-24,2025-03-30,7,1,6,14.3%,560,700,140,4445,4200,245,385
2025-W14,2025-03-31,2025-04-06,7,1,6,14.3%,560,700,140,4445,4200,245,385
2025-W15,2025-04-07,2025-04-13,7,0,7,0.0%,560,0,-560,4445,4900,-455,-1015
2025-W16,2025-04-14,2025-04-20,7,0,7,0.0%,560,0,-560,4445,4900,-455,-1015
2025-W17,2025-04-21,2025-04-27,7,1,6,14.3%,560,700,140,4445,4200,245,385
2025-W18,2025-04-28,2025-05-04,7,3,4,42.9%,560,2100,1540,4445,2800,1645,3185
2025-W19,2025-05-05,2025-05-11,7,1,6,14.3%,560,700,140,4445,4200,245,385
2025-W20,2025-05-12,2025-05-18,7,3,4,42.9%,560,2100,1540,4445,2800,1645,3185
2025-W21,2025-05-19,2025-05-25,7,2,5,28.6%,560,1400,840,4445,3500,945,1785
2025-W22,2025-05-26,2025-06-01,7,3,4,42.9%,560,2100,1540,4445,2800,1645,3185
2025-W23,2025-06-02,2025-06-08,7,2,5,28.6%,560,1400,840,4445,3500,945,1785
2025-W24,2025-06-09,2025-06-15,7,1,6,14.3%,560,700,140,4445,4200,245,385
2025-W25,2025-06-16,2025-06-22,7,1,6,14.3%,560,700,140,4445,4200,245,385
2025-W26,2025-06-23,2025-06-29,7,1,6,14.3%,560,700,140,4445,4200,245,385
2025-W27,2025-06-30,2025-07-06,7,1,6,14.3%,560,700,140,4445,4200,245,385
2025-W28,2025-07-07,2025-07-13,7,1,6,14.3%,560,700,140,4445,4200,245,385
2025-W29,2025-07-14,2025-07-20,7,2,5,28.6%,560,1400,840,4445,3500,945,1785
2025-W30,2025-07-21,2025-07-27,7,3,4,42.9%,560,2100,1540,4445,2800,1645,3185
2025-W31,2025-07-28,2025-08-03,7,0,7,0.0%,560,0,-560,4445,4900,-455,-1015
2025-W32,2025-08-04,2025-08-10,7,0,7,0.0%,560,0,-560,4445,4900,-455,-1015
2025-W33,2025-08-11,2025-08-17,7,2,5,28.6%,560,1400,840,4445,3500,945,1785
2025-W34,2025-08-18,2025-08-24,7,1,6,14.3%,568,700,132,4437,4200,237,369
2025-W35,2025-08-25,2025-08-31,7,2,5,28.6%,560,1400,840,4445,3500,945,1785
2025-W36,2025-09-01,2025-09-07,7,1,6,14.3%,560,700,140,4445,4200,245,385
2025-W37,2025-09-08,2025-09-14,7,1,6,14.3%,560,700,140,4445,4200,245,385
2025-W38,2025-09-15,2025-09-21,7,2,5,28.6%,560,1400,840,4445,3500,945,1785
2025-W39,2025-09-22,2025-09-28,7,2,5,28.6%,560,1400,840,4445,3500,945,1785
2025-W40,2025-09-29,2025-10-05,7,2,5,28.6%,560,1400,840,4445,3500,945,1785
2025-W41,2025-10-06,2025-10-12,7,1,6,14.3%,560,700,140,4445,4200,245,385
2025-W42,2025-10-13,2025-10-19,7,1,6,14.3%,560,700,140,4445,4200,245,385
2025-W43,2025-10-20,2025-10-26,7,0,7,0.0%,560,0,-560,4445,4900,-455,-1015
2025-W44,2025-10-27,2025-11-02,7,2,5,28.6%,560,1400,840,4445,3500,945,1785
2025-W45,2025-11-03,2025-11-09,7,3,4,42.9%,560,2100,1540,4445,2800,1645,3185
2025-W46,2025-11-10,2025-11-16,7,0,7,0.0%,560,0,-560,4445,4900,-455,-1015
2025-W47,2025-11-17,2025-11-23,7,2,5,28.6%,560,1400,840,4445,3500,945,1785
2025-W48,2025-11-24,2025-11-30,7,1,6,14.3%,560,700,140,4445,4200,245,385
2025-W49,2025-12-01,2025-12-07,7,2,5,28.6%,560,1400,840,4445,3500,945,1785
2025-W50,2025-12-08,2025-12-14,7,0,7,0.0%,560,0,-560,4445,4900,-455,-1015
2025-W51,2025-12-15,2025-12-21,7,0,7,0.0%,560,0,-560,4445,4900,-455,-1015
2025-W52,2025-12-22,2025-12-28,7,1,6,14.3%,560,700,140,4445,4200,245,385
2026-W01,2025-12-29,2026-01-04,7,0,7,0.0%,560,0,-560,4445,4900,-455,-1015
2026-W02,2026-01-05,2026-01-11,7,2,5,28.6%,560,1400,840,4445,3500,945,1785
2026-W03,2026-01-12,2026-01-18,7,1,6,14.3%,560,700,140,4445,4200,245,385
2026-W04,2026-01-19,2026-01-25,7,0,7,0.0%,560,0,-560,4445,4900,-455,-1015
2026-W05,2026-01-26,2026-02-01,7,0,7,0.0%,560,0,-560,4445,4900,-455,-1015
2026-W06,2026-02-02,2026-02-08,7,2,5,28.6%,560,1400,840,4445,3500,945,1785
2026-W07,2026-02-09,2026-02-15,7,1,6,14.3%,560,700,140,4445,4200,245,385
2026-W08,2026-02-20,2026-02-22,2,2,0,100.0%,392,1400,1008,1065,0,1065,2073
2026-W09,2026-02-23,2026-03-01,7,1,6,14.3%,560,700,140,4445,4200,245,385
2026-W10,2026-03-02,2026-03-08,7,0,7,0.0%,560,0,-560,4445,4900,-455,-1015
2026-W11,2026-03-09,2026-03-15,7,4,3,57.1%,560,2800,2240,4445,2100,2345,4585
2026-W12,2026-03-16,2026-03-22,7,1,6,14.3%,560,700,140,4445,4200,245,385
2026-W13,2026-03-23,2026-03-29,7,3,4,42.9%,560,2100,1540,4445,2800,1645,3185
2026-W14,2026-03-30,2026-04-05,7,0,7,0.0%,560,0,-560,4445,4900,-455,-1015
2026-W15,2026-04-06,2026-04-12,7,1,6,14.3%,560,700,140,4445,4200,245,385
2026-W16,2026-04-13,2026-04-19,7,1,6,14.3%,560,700,140,4445,4200,245,385
2026-W17,2026-04-20,2026-04-26,7,1,6,14.3%,560,700,140,4445,4200,245,385
2026-W18,2026-04-27,2026-05-03,7,2,5,28.6%,560,1400,840,4445,3500,945,1785
2026-W19,2026-05-04,2026-05-10,7,2,5,28.6%,560,1400,840,4445,3500,945,1785
2026-W20,2026-05-11,2026-05-17,7,0,7,0.0%,560,0,-560,4445,4900,-455,-1015
2026-W21,2026-05-18,2026-05-24,7,1,6,14.3%,560,700,140,4445,4200,245,385
2026-W22,2026-05-25,2026-05-27,3,0,3,0.0%,240,0,-240,1905,2100,-195,-435
