axis,patternType,formation,fixed,days,errors,errorRate,expectedErrorRate,errorLift
dit,so_le_theo_cap,formed,normal,5578,3707,66.46,50,16.46
tong_tt,so_le_theo_cap,formed,normal,2737,1818,66.42,50,16.42
tong_moi,so_le_theo_cap,formed,normal,2737,1818,66.42,50,16.42
hieu,so_le_theo_cap,formed,normal,2737,1818,66.42,50,16.42
dau,so_le_theo_cap,formed,normal,5541,3666,66.16,50,16.16
dau,tien_lui_so_le,formed,fixed3,886,168,18.96,16.38,2.58
tong_moi,tien_lui_so_le,formed,fixed3,193,28,14.51,12.46,2.05
tong_moi,tien_lui_so_le,formed,normal,4826,2800,58.02,57.06,0.96
other,lui_lien_tiep,formed,normal,1091,80,7.33,6.51,0.82
hieu,tien_deu,formed,normal,4248,494,11.63,10.84,0.79
hieu,tien_lien_tiep,formed,normal,8482,1431,16.87,16.26,0.61
other,tien_deu,formed,normal,248,4,1.61,1,0.61
dit,ve_so_le,formed,fixed3,75698,8020,10.59,10,0.59
dit,other,formed,normal,6655,1948,29.27,28.69,0.58
dit,ve_so_le,formed,normal,15338,1615,10.53,10,0.53
tong_moi,ve_so_le,potential,fixed3,357,13,3.64,3.16,0.48
so,tien_lien_tiep,formed,normal,3698,1235,33.4,32.93,0.47
tong_moi,lui_deu,formed,fixed3,6781,503,7.42,6.97,0.45
dit,lui_deu,formed,normal,2783,289,10.38,10,0.38
tong_moi,tien_lien_tiep,formed,fixed3,6989,507,7.25,6.88,0.37
dit,tien_deu,formed,normal,2796,290,10.37,10,0.37
tong_moi,tien_deu,formed,normal,2871,204,7.11,6.76,0.35
dau,ve_so_le,formed,normal,18375,2307,12.56,12.2,0.35
dit,lui_lien_tiep,formed,fixed3,15596,1612,10.34,10,0.34
tong_tt,tien_deu,formed,fixed3,15660,1618,10.33,10,0.33
hieu,tien_deu,formed,fixed3,14827,1399,9.44,9.11,0.32
hieu,tien_lien_tiep,formed,fixed3,14858,1475,9.93,9.7,0.23
tong_moi,tien_deu,formed,fixed3,6903,496,7.19,6.97,0.22
dit,lui_lien_tiep,formed,normal,3292,459,13.94,13.74,0.21
dau,lui_deu,formed,fixed3,15568,1586,10.19,10,0.19
hieu,lui_lien_tiep,formed,normal,8377,1342,16.02,15.84,0.19
tong_tt,tien_lui_so_le,formed,normal,4637,2550,54.99,54.8,0.19
dit,ve_lien_tiep,formed,normal,9197,934,10.16,10,0.16
dau,lui_lien_tiep,formed,fixed3,15607,1585,10.16,10,0.16
hieu,lui_lien_tiep,formed,fixed3,14588,1154,7.91,7.77,0.14
tong_tt,tien_deu,formed,normal,4627,455,9.83,9.7,0.13
tong_tt,lui_lien_tiep,formed,normal,9464,1672,17.67,17.55,0.12
tong_moi,ve_so_le,potential,normal,4599,166,3.61,3.49,0.12
hieu,ve_so_le,potential,normal,1120,48,4.29,4.16,0.12
dau,ve_so_le,formed,fixed3,73816,7453,10.1,10,0.1
so,ve_so_le,formed,normal,3291,36,1.09,1,0.09
dit,tien_lien_tiep,formed,fixed3,15328,1542,10.06,10,0.06
dau,ve_lien_tiep,formed,normal,11393,1411,12.38,12.33,0.05
dit,lui_deu,formed,fixed3,15626,1570,10.05,10,0.05
dau,ve_lien_tiep,formed,fixed3,46681,4688,10.04,10,0.04
dit,tien_deu,formed,fixed3,15276,1530,10.02,10,0.02
tong_moi,tien_lien_tiep,formed,normal,8525,1441,16.9,16.9,0
dau,tien_lien_tiep,formed,fixed3,15452,1544,9.99,10,-0.01
other,ve_lien_tiep,formed,normal,1842,18,0.98,1,-0.02
dit,ve_lien_tiep,formed,fixed3,45899,4577,9.97,10,-0.03
tong_moi,ve_so_le,formed,normal,20536,1255,6.11,6.14,-0.03
tong_tt,other,formed,normal,3613,360,9.96,10,-0.04
tong_tt,ve_lien_tiep,formed,normal,16755,1502,8.96,9.01,-0.05
hieu,lui_deu,formed,fixed3,14578,1318,9.04,9.1,-0.06
tong_tt,other,formed,fixed3,15125,1503,9.94,10,-0.06
tong_moi,ve_lien_tiep,formed,normal,12911,798,6.18,6.25,-0.07
tong_tt,tien_lien_tiep,formed,normal,9534,1664,17.45,17.54,-0.09
dau,ve_so_le,potential,normal,10892,354,3.25,3.34,-0.09
other,lui_deu,formed,normal,225,2,0.89,1,-0.11
tong_tt,lui_deu,formed,fixed3,15411,1522,9.88,10,-0.12
tong_moi,lui_lien_tiep,formed,fixed3,6714,450,6.7,6.84,-0.14
tong_moi,ve_so_le,formed,fixed3,34418,2503,7.27,7.42,-0.15
other,tien_lien_tiep,formed,normal,1135,72,6.34,6.5,-0.16
tong_moi,ve_lien_tiep,formed,fixed3,20851,1535,7.36,7.53,-0.17
dau,tien_deu,formed,fixed3,15443,1516,9.82,10,-0.18
dau,tien_lien_tiep,formed,normal,4505,515,11.43,11.62,-0.19
dau,tien_deu,formed,normal,3027,280,9.25,9.45,-0.2
tong_tt,ve_lien_tiep,formed,fixed3,46052,4488,9.75,10,-0.25
hieu,lui_deu,formed,normal,4232,448,10.59,10.9,-0.31
dit,tien_lien_tiep,formed,normal,3226,431,13.36,13.69,-0.33
dit,tien_lui_so_le,formed,normal,4506,2517,55.86,56.19,-0.33
tong_tt,tien_lien_tiep,formed,fixed3,15626,1510,9.66,10,-0.34
dau,other,formed,normal,6629,1883,28.41,28.77,-0.36
tong_moi,lui_deu,formed,normal,2701,178,6.59,6.95,-0.36
hieu,ve_lien_tiep,formed,normal,14804,1661,11.22,11.61,-0.39
hieu,ve_lien_tiep,formed,fixed3,47122,5734,12.17,12.58,-0.41
tong_tt,ve_so_le,formed,normal,25828,2185,8.46,8.9,-0.44
dau,lui_lien_tiep,formed,normal,4429,489,11.04,11.51,-0.47
tong_tt,lui_lien_tiep,formed,fixed3,15487,1473,9.51,10,-0.49
tong_tt,ve_so_le,formed,fixed3,73334,6943,9.47,10,-0.53
tong_moi,lui_lien_tiep,formed,normal,8200,1367,16.67,17.29,-0.62
hieu,other,formed,fixed3,17886,2323,12.99,13.64,-0.65
hieu,tien_lui_so_le,formed,normal,4307,2368,54.98,55.63,-0.65
dau,lui_deu,formed,normal,2988,263,8.8,9.47,-0.67
hieu,other,formed,normal,3491,460,13.18,13.86,-0.68
so,lui_lien_tiep,formed,normal,3606,1145,31.75,32.44,-0.69
tong_moi,other,formed,fixed3,7230,507,7.01,7.76,-0.75
hieu,ve_so_le,formed,fixed3,74954,8739,11.66,12.42,-0.76
tong_tt,lui_deu,formed,normal,4592,412,8.97,9.75,-0.78
dau,tien_lui_so_le,formed,normal,4551,2508,55.11,55.89,-0.78
tong_moi,other,formed,normal,2482,169,6.81,7.62,-0.81
hieu,tien_lui_so_le,formed,fixed3,958,173,18.06,18.97,-0.91
other,lui_deu,potential,normal,16848,1,0.01,1,-0.99
dau,tien_deu,potential,normal,14058,1,0.01,1,-0.99
other,tien_deu,potential,normal,15921,1,0.01,1,-0.99
tong_tt,lui_deu,potential,normal,12195,0,0,1,-1
hieu,tien_deu,potential,normal,9711,0,0,1,-1
dau,lui_deu,potential,normal,12074,0,0,1,-1
tong_tt,tien_deu,potential,normal,10486,0,0,1,-1
hieu,lui_deu,potential,normal,12056,0,0,1.08,-1.08
tong_moi,lui_deu,potential,normal,14539,50,0.34,1.48,-1.14
tong_tt,tien_lui_so_le,formed,fixed3,818,122,14.91,16.09,-1.17
hieu,ve_so_le,formed,normal,22978,2341,10.19,11.37,-1.18
tong_moi,tien_deu,potential,normal,12177,1,0.01,1.23,-1.23
other,lui_lien_tiep,potential,normal,12907,36,0.28,1.68,-1.4
other,tien_lien_tiep,potential,normal,11988,24,0.2,1.68,-1.48
dit,tien_lui_so_le,formed,fixed3,877,127,14.48,16.2,-1.72
dau,tien_lien_tiep,potential,normal,4337,12,0.28,2.51,-2.23
dau,lui_lien_tiep,potential,normal,5063,9,0.18,2.41,-2.23
tong_moi,tien_lien_tiep,potential,normal,5450,23,0.42,2.69,-2.27
tong_moi,tien_lien_tiep,potential,fixed3,5623,42,0.75,3.28,-2.53
tong_moi,lui_lien_tiep,potential,normal,6066,26,0.43,3.02,-2.59
tong_moi,lui_lien_tiep,potential,fixed3,5719,43,0.75,3.42,-2.67
tong_moi,tien_deu,potential,fixed3,6381,1,0.02,2.69,-2.67
tong_moi,lui_deu,potential,fixed3,5763,0,0,2.84,-2.84
tong_moi,other,potential,normal,2807,0,0,2.85,-2.85
hieu,tien_lien_tiep,potential,normal,1307,2,0.15,3.09,-2.93
hieu,lui_lien_tiep,potential,normal,1138,5,0.44,3.47,-3.03
tong_tt,ve_so_le,potential,normal,150,10,6.67,10,-3.33
dau,ve_lien_tiep,potential,normal,5416,0,0,3.46,-3.46
tong_moi,ve_lien_tiep,potential,fixed3,220,0,0,3.71,-3.71
tong_moi,other,potential,fixed3,4845,0,0,3.72,-3.72
tong_moi,ve_lien_tiep,potential,normal,2421,0,0,3.84,-3.84
hieu,ve_lien_tiep,potential,normal,297,0,0,4.32,-4.32
tong_tt,tien_lien_tiep,potential,normal,975,0,0,4.47,-4.47
tong_tt,lui_lien_tiep,potential,normal,645,1,0.16,4.66,-4.5
other,other,potential,normal,136,1,0.74,25,-24.26
other,other,formed,normal,1802,10,0.55,25,-24.45