key,title,axis,patternType,days,errors,errorRate,expectedErrorRate,errorLift,realisedBreakRate,avgNumbers,avgPriority,avgDropOff,avgLower,avgSample,avgPredictedEdge,potentialShare,recordCriticalShare,fixed3Share,badness
hieu_2_5_7:tienLienTiep,"Hiệu (2,5,7) - Tiến liên tiếp",hieu,tien_lien_tiep,71,19,26.76,12.2,14.56,73.24,12.2,94,96.33,83.75,92.3,8.53,0,28.2,100,122.713
dit_3d_0_2_8:tienDeuLienTiep,"Đít (0,2,8) - Tiến Đều",dit,tien_deu,47,11,23.4,10,13.4,76.6,10,92,92.56,77.55,80,2.56,0,12.8,100,91.895
hieu_4_5_7:veCungGiaTri,"Hiệu (4,5,7) - Về cùng giá trị",hieu,other,39,10,25.64,10.97,14.67,74.36,10.97,90.46,90.15,73.63,70.4,1.12,0,12.8,100,91.593
dit_3d_0_2_3:tienLienTiep,"Đít (0,2,3) - Tiến liên tiếp",dit,tien_lien_tiep,61,13,21.31,10,11.31,78.69,10,92.78,96.18,83.22,53,6.18,0,14.8,100,88.345
hieu_1_5_8:veSoleMoi,"Hiệu (1,5,8) - Về so le mới",hieu,ve_so_le,33,10,30.3,15.21,15.09,69.7,15.21,90.77,86.96,68.54,100.9,2.17,0,30.3,100,86.691
dau_3d_1_3_8:luiLienTiep,"Đầu (1,3,8) - Lùi liên tiếp",dau,lui_lien_tiep,77,15,19.48,10,9.48,80.52,10,95.03,97.65,85.23,51.9,7.65,0,44.2,100,83.191
dit_3d_1_4_9:luiLienTiep,"Đít (1,4,9) - Lùi liên tiếp",dit,lui_lien_tiep,77,15,19.48,10,9.48,80.52,10,93.48,95.74,84.18,102,5.74,0,19.5,100,83.191
tong_tt_cac_tong:tienLienTiep,Tổng TT - Các tổng - Tiến liên tiếp,tong_tt,tien_lien_tiep,46,14,30.43,18.26,12.17,69.57,18.26,87.49,82.04,72.35,271.3,0.3,0,6.5,0,82.567
dau_3d_0_7_9:tienDeuLienTiep,"Đầu (0,7,9) - Tiến Đều",dau,tien_deu,39,9,23.08,10,13.08,76.92,10,92.49,90.94,72.29,62.6,0.94,0,28.2,100,81.665
hieu_0_1_3:tienLienTiep,"Hiệu (0,1,3) - Tiến liên tiếp",hieu,tien_lien_tiep,112,21,18.75,11.11,7.64,81.25,11.11,93.23,94.1,86.96,191.8,5.2,0,28.6,100,80.884
dit_3d_0_2_8:luiLienTiep,"Đít (0,2,8) - Lùi liên tiếp",dit,lui_lien_tiep,65,13,20,10,10,80,10,94.15,96.55,84.06,87.2,6.55,0,24.6,100,80.623
dau_3d_1_4_8:luiLienTiep,"Đầu (1,4,8) - Lùi liên tiếp",dau,lui_lien_tiep,46,10,21.74,10,11.74,78.26,10,94.33,96.27,83.12,78.1,6.27,0,30.4,100,79.619
tong_tt_2_6_8:veSoleMoi,"Tổng TT (2,6,8) - Về so le mới",tong_tt,ve_so_le,46,10,21.74,10,11.74,78.26,10,89.6,85.03,71.66,134.6,-4.97,0,15.2,100,79.619
dit_3d_2_4_9:luiDeuLienTiep,"Đít (2,4,9) - Lùi Đều",dit,lui_deu,59,12,20.34,10,10.34,79.66,10,93.53,93.21,75.29,63.2,3.21,0,40.7,100,79.415
dit_3d_4_5_7:luiDeuLienTiep,"Đít (4,5,7) - Lùi Đều",dit,lui_deu,28,7,25,10,15,75,10,92.37,91.98,75.57,83.9,1.98,0,25,100,79.373
hieu_0_2_7:tienDeuLienTiep,"Hiệu (0,2,7) - Tiến Đều",hieu,tien_deu,47,10,21.28,9.7,11.57,78.72,9.7,93.02,92.44,75.34,64.4,2.15,0,36.2,100,79.351
tong_tt_1_6_8:tienDeuLienTiep,"Tổng TT (1,6,8) - Tiến Đều",tong_tt,tien_deu,53,11,20.75,10,10.75,79.25,10,93.59,93.23,77.93,61.1,3.23,0,37.7,100,78.296
dit_3d_1_2_4:luiDeuLienTiep,"Đít (1,2,4) - Lùi Đều",dit,lui_deu,23,6,26.09,10,16.09,73.91,10,89.85,86.25,67.38,71.4,-3.75,0,21.7,100,77.15
tong_tt_2_4_10:veSole,"Tổng TT (2,4,10) - Về so le",tong_tt,ve_so_le,23,6,26.09,10,16.09,73.91,10,89.38,82.6,59.7,60,-7.4,0,21.7,100,77.15
dau_3d_0_5_8:luiLienTiep,"Đầu (0,5,8) - Lùi liên tiếp",dau,lui_lien_tiep,41,9,21.95,10,11.95,78.05,10,93.53,96.15,84.51,85.9,6.15,0,22,100,76.525
dau_3d_1_4_7:luiDeuLienTiep,"Đầu (1,4,7) - Lùi Đều",dau,lui_deu,41,9,21.95,10,11.95,78.05,10,90.99,90.1,72.01,71.6,0.1,0,19.5,100,76.525
dau_9:veSole,Đầu 9 - Về so le (tiềm năng),dau,ve_so_le,29,7,24.14,10,14.14,75.86,10,95.41,95.71,69.48,45.2,5.71,6.9,55.2,0,76.135
dit_3d_3_5_8:veSole,"Đít (3,5,8) - Về so le",dit,ve_so_le,29,7,24.14,10,14.14,75.86,10,90.14,85.68,58.24,66.8,-4.32,0,27.6,100,76.135
tong_tt_3_5_10:tienDeuLienTiep,"Tổng TT (3,5,10) - Tiến Đều",tong_tt,tien_deu,29,7,24.14,10,14.14,75.86,10,91.9,91.19,69.59,59.8,1.19,0,27.6,100,76.135
dau_3d_0_2_9:tienLienTiep,"Đầu (0,2,9) - Tiến liên tiếp",dau,tien_lien_tiep,35,8,22.86,10,12.86,77.14,10,95.05,97.66,84.16,90.4,7.66,0,22.9,100,76.064
hieu_1_5_7:luiLienTiep,"Hiệu (1,5,7) - Lùi liên tiếp",hieu,lui_lien_tiep,141,19,13.48,7.28,6.2,86.52,7.28,97.51,99.56,93.48,81,6.83,0,66.7,100,73.604
dit_3d_1_4_9:veSoleMoi,"Đít (1,4,9) - Về so le mới",dit,ve_so_le,24,6,25,10,15,75,10,90.15,86.3,59.49,106.8,-3.7,0,25,100,73.485
tong_tt_2_4_9:veLienTiep,"Tổng TT (2,4,9) - Về liên tiếp",tong_tt,ve_lien_tiep,24,6,25,10,15,75,10,95.68,94.84,53.63,12.7,4.84,0,66.7,100,73.485
dau_3d_0_3_6:luiDeuLienTiep,"Đầu (0,3,6) - Lùi Đều",dau,lui_deu,30,7,23.33,10,13.33,76.67,10,90.62,89.55,76.58,116.8,-0.45,0,10,100,73.03
hieu_0_2_5:tienDeuLienTiep,"Hiệu (0,2,5) - Tiến Đều",hieu,tien_deu,77,15,19.48,11.25,8.23,80.52,11.25,93.87,94.9,79.51,63.9,6.14,0,35.1,100,72.251
dit_le_lon_hon_5:veSole,Đít le - Về so le,dit,ve_so_le,43,9,20.93,10,10.93,79.07,10,92.96,88.64,66.5,58.9,-1.36,0,44.2,0,71.674
dau_3d_0_5_8:luiDeuLienTiep,"Đầu (0,5,8) - Lùi Đều",dau,lui_deu,43,9,20.93,10,10.93,79.07,10,90.32,90.41,75.32,95.4,0.41,0,16.3,100,71.674
hieu_4_7_9:veCungGiaTri,"Hiệu (4,7,9) - Về cùng giá trị",hieu,other,35,8,22.86,10.8,12.06,77.14,10.8,90.88,91.89,69.85,25.3,2.69,0,14.3,100,71.331
hieu_0_4_8:veCungGiaTri,"Hiệu (0,4,8) - Về cùng giá trị",hieu,other,35,8,22.86,10.97,11.89,77.14,10.97,90.31,88.97,68.28,47.7,-0.05,0,17.1,100,70.317
dau_3d_0_3_7:tienLienTiep,"Đầu (0,3,7) - Tiến liên tiếp",dau,tien_lien_tiep,71,13,18.31,10,8.31,81.69,10,92.73,96.16,83.63,63.4,6.16,0,15.5,100,70.02
dit_3d_4_6_8:tienLienTiep,"Đít (4,6,8) - Tiến liên tiếp",dit,tien_lien_tiep,64,12,18.75,10,8.75,81.25,10,92.94,94.82,83.43,91,4.82,0,18.8,100,70
dit_3d_2_4_8:veSole,"Đít (2,4,8) - Về so le",dit,ve_so_le,25,6,24,10,14,76,10,91.8,88.72,56.06,29,-1.28,0,40,100,70
hieu_1_5_8:veSole,"Hiệu (1,5,8) - Về so le",hieu,ve_so_le,27,8,29.63,16.3,13.33,70.37,16.3,91.21,85.09,56.94,109.3,1.39,0,37,100,69.282
tong_moi_9_11_12:tienLienTiep,"Tổng Mới (9,11,12) - Tiến liên tiếp",tong_moi,tien_lien_tiep,21,5,23.81,8.86,14.95,76.19,8.86,92.36,94.2,75.23,46.8,3.05,0,28.6,100,68.52
hieu_4_6:veCungGiaTri,"Hiệu (4,6) - Về cùng giá trị",hieu,other,42,9,21.43,10.86,10.57,78.57,10.86,90.91,90.68,75.19,78.9,1.54,0,11.9,0,68.511
dit_3d_2_6_8:luiDeuLienTiep,"Đít (2,6,8) - Lùi Đều",dit,lui_deu,58,11,18.97,10,8.97,81.03,10,91.25,92.61,75.93,68.3,2.61,0,15.5,100,68.279
tong_tt_3_5_7:luiDeuLienTiep,"Tổng TT (3,5,7) - Lùi Đều",tong_tt,lui_deu,38,8,21.05,10,11.05,78.95,10,91.57,91.26,73.3,73.9,1.26,0,15.8,100,68.133
tong_moi_9_10_13:tienLienTiep,"Tổng Mới (9,10,13) - Tiến liên tiếp",tong_moi,tien_lien_tiep,91,14,15.38,8.29,7.1,84.62,8.29,92.17,97.11,86.7,51.6,5.4,0,8.8,100,67.719
hieu_1:luiLienTiep,Hiệu 1 - Lùi liên tiếp,hieu,lui_lien_tiep,21,4,19.05,4.33,14.71,80.95,4.33,95.75,96.33,69.1,15.9,0.66,0,57.1,0,67.429
tong_moi_12_14_15:tienLienTiep,"Tổng Mới (12,14,15) - Tiến liên tiếp",tong_moi,tien_lien_tiep,27,5,18.52,5.56,12.96,81.48,5.56,98.95,99.57,76.97,14,5.13,0,88.9,100,67.358
tong_tt_6_8_9:tienDeuLienTiep,"Tổng TT (6,8,9) - Tiến Đều",tong_tt,tien_deu,45,9,20,10,10,80,10,90.99,91.19,68.08,48.1,1.19,0,24.4,100,67.082
tong_tt_7_9:veSoleMoi,"Tổng TT (7,9) - Về so le mới",tong_tt,ve_so_le,20,5,25,10,15,75,10,89.16,83.03,67.36,135.9,-6.97,0,15,0,67.082
hieu_1_5_7:luiDeuLienTiep,"Hiệu (1,5,7) - Lùi Đều",hieu,lui_deu,63,11,17.46,9.17,8.29,82.54,9.17,91.18,91.4,73.7,65.3,0.58,0,15.9,100,65.766
hieu_0_4_7:veCungGiaTri,"Hiệu (0,4,7) - Về cùng giá trị",hieu,other,37,8,21.62,10.81,10.81,78.38,10.81,90.32,89.13,68.7,47.2,-0.06,0,16.2,100,65.76
tong_moi_13_14_17:veLienTiep,"Tổng Mới (13,14,17) - Về liên tiếp",tong_moi,ve_lien_tiep,21,4,19.05,4.86,14.19,80.95,4.86,93,91.63,61.3,30.3,-3.51,0,42.9,100,65.029
hieu_3_4_6:luiDeuLienTiep,"Hiệu (3,4,6) - Lùi Đều",hieu,lui_deu,62,12,19.35,11.1,8.26,80.65,11.1,92.51,92.67,75.34,64.3,3.77,0,29,100,65.024
chanChan:tienLienTiep,chanChan - Tiến liên tiếp,other,tien_lien_tiep,52,9,17.31,8.31,9,82.69,8.31,94.15,96.18,79.73,61,4.49,0,40.4,0,64.9
chan_chan_tong_tt_chan:tienLienTiep,chan_chan_tong_tt_chan - Tiến liên tiếp,tong_tt,tien_lien_tiep,52,9,17.31,8.31,9,82.69,8.31,94.15,96.18,79.73,61,4.49,0,40.4,0,64.9
chan_chan_tong_moi_chan:tienLienTiep,chan_chan_tong_moi_chan - Tiến liên tiếp,tong_moi,tien_lien_tiep,52,9,17.31,8.31,9,82.69,8.31,94.15,96.18,79.73,61,4.49,0,40.4,0,64.9
chan_chan_hieu_chan:tienLienTiep,chan_chan_hieu_chan - Tiến liên tiếp,hieu,tien_lien_tiep,52,9,17.31,8.31,9,82.69,8.31,94.15,96.18,79.73,61,4.49,0,40.4,0,64.9
dit_3d_0_4_7:tienDeuLienTiep,"Đít (0,4,7) - Tiến Đều",dit,tien_deu,46,9,19.57,10,9.57,80.43,10,93.5,93.75,76.59,50.1,3.75,0,34.8,100,64.874
hieu_1_5_9:veSoleMoi,"Hiệu (1,5,9) - Về so le mới",hieu,ve_so_le,26,7,26.92,14.31,12.62,73.08,14.31,91.07,87.26,62.83,99.4,1.57,0,34.6,100,64.326
tong_moi_8_10_12:veLienTiep,"Tổng Mới (8,10,12) - Về liên tiếp",tong_moi,ve_lien_tiep,30,6,20,8.27,11.73,80,8.27,87.01,79.04,70.49,141.5,-12.7,0,0,100,64.266
hieu_1_2_4:luiLienTiep,"Hiệu (1,2,4) - Lùi liên tiếp",hieu,lui_lien_tiep,130,25,19.23,13.62,5.62,80.77,13.62,92.56,96.4,90.84,248.1,10.02,0,13.8,100,64.025
hieu_9_1:tienLienTiep,"Hiệu (9,1) - Tiến liên tiếp",hieu,tien_lien_tiep,136,19,13.97,8.5,5.47,86.03,8.5,94.29,98.94,92.3,76.2,7.44,0,25.7,0,63.797
tong_tt_4_6_10:veSole,"Tổng TT (4,6,10) - Về so le",tong_tt,ve_so_le,21,5,23.81,10,13.81,76.19,10,93.06,90.11,58.19,25.9,0.11,0,47.6,100,63.283
tong_tt_5_6_8:veLienTiep,"Tổng TT (5,6,8) - Về liên tiếp",tong_tt,ve_lien_tiep,21,5,23.81,10,13.81,76.19,10,92.27,86.88,58.07,62.2,-3.12,0,42.9,100,63.283
hieu_0_4_9:veCungGiaTri,"Hiệu (0,4,9) - Về cùng giá trị",hieu,other,31,7,22.58,11.23,11.35,77.42,11.23,90.52,88.74,65.93,38.2,-0.04,0,19.4,100,63.221
hieu_0_2_3:tienDeuLienTiep,"Hiệu (0,2,3) - Tiến Đều",hieu,tien_deu,80,16,20,12.98,7.03,80,12.98,90.19,89.19,75.88,107.4,2.16,0,10,100,62.834
hieu_3_4_6:veCungGiaTri,"Hiệu (3,4,6) - Về cùng giá trị",hieu,other,42,9,21.43,11.76,9.67,78.57,11.76,90.22,88.29,76.09,92,0.05,0,7.1,100,62.647
dau_3d_4_7_9:tienDeuLienTiep,"Đầu (4,7,9) - Tiến Đều",dau,tien_deu,76,13,17.11,10,7.11,82.89,10,91.14,93.25,80.56,71.3,3.25,0,9.2,100,61.942
hieu_3_5_7:tienDeuLienTiep,"Hiệu (3,5,7) - Tiến Đều",hieu,tien_deu,46,9,19.57,10.43,9.13,80.43,10.43,92.76,92.7,74.52,76.3,3.14,0,26.1,100,61.926
hieu_4_6:luiDeuLienTiep,"Hiệu (4,6) - Lùi Đều",hieu,lui_deu,48,9,18.75,9.88,8.88,81.25,9.88,92.54,93.29,76.48,88.1,3.17,0,25,0,61.488
dau_chan_nho_hon_4:tienLienTiep,Đầu chan - Tiến liên tiếp,dau,tien_lien_tiep,69,12,17.39,10,7.39,82.61,10,100,100,90.8,39,10,0,100,0,61.397
dau_3d_3_5_9:luiLienTiep,"Đầu (3,5,9) - Lùi liên tiếp",dau,lui_lien_tiep,130,20,15.38,10,5.38,84.62,10,92.29,97.74,88.88,74.9,7.74,0,7.7,100,61.394
hieu_1_5_9:veSole,"Hiệu (1,5,9) - Về so le",hieu,ve_so_le,24,7,29.17,16.67,12.5,70.83,16.67,91.17,84.26,56.74,143,0.92,0,37.5,100,61.237
hieu_0_4_8:luiDeuLienTiep,"Hiệu (0,4,8) - Lùi Đều",hieu,lui_deu,24,5,20.83,8.33,12.5,79.17,8.33,94.94,95.05,73.03,37.8,3.38,0,45.8,100,61.237
dau_3d_5_7_8:luiDeuLienTiep,"Đầu (5,7,8) - Lùi Đều",dau,lui_deu,41,8,19.51,10,9.51,80.49,10,91.07,91.52,78.24,105.8,1.52,0,14.6,100,60.908
tong_tt_1_5_7:luiDeuLienTiep,"Tổng TT (1,5,7) - Lùi Đều",tong_tt,lui_deu,55,10,18.18,10,8.18,81.82,10,92.05,90.69,71.45,46.3,0.69,0,29.1,100,60.678
dit_3d_0_7_9:veSoleMoi,"Đít (0,7,9) - Về so le mới",dit,ve_so_le,28,6,21.43,10,11.43,78.57,10,93.3,91,60.58,27.8,1,0,46.4,100,60.474
dau_3d_1_5_8:tienDeuLienTiep,"Đầu (1,5,8) - Tiến Đều",dau,tien_deu,28,6,21.43,10,11.43,78.57,10,91.71,92.71,72.16,67.5,2.71,0,25,100,60.474
tong_moi_12_14_15:tienDeuLienTiep,"Tổng Mới (12,14,15) - Tiến Đều (tiềm năng)",tong_moi,tien_deu,22,4,18.18,5.32,12.86,81.82,5.32,93.4,93.02,62.42,29,-1.66,4.5,40.9,100,60.336
hieu_2_7_9:luiDeuLienTiep,"Hiệu (2,7,9) - Lùi Đều",hieu,lui_deu,42,6,14.29,5.05,9.24,85.71,5.05,93.75,94.81,76.38,40.2,-0.14,0,31,100,59.87
tong_tt_4_6_8:luiDeuLienTiep,"Tổng TT (4,6,8) - Lùi Đều",tong_tt,lui_deu,35,7,20,10,10,80,10,90.01,88.53,80.63,117.1,-1.47,0,2.9,100,59.161
dau_3d_0_3_5:tienLienTiep,"Đầu (0,3,5) - Tiến liên tiếp",dau,tien_lien_tiep,56,10,17.86,10,7.86,82.14,10,92.26,95.77,83.91,72.4,5.77,0,8.9,100,58.797
dau_3d_3_4_6:tienDeuLienTiep,"Đầu (3,4,6) - Tiến Đều",dau,tien_deu,42,8,19.05,10,9.05,80.95,10,90.25,88.57,69.15,74,-1.43,0,14.3,100,58.635
dit_3d_1_3_6:tienDeuLienTiep,"Đít (1,3,6) - Tiến Đều",dit,tien_deu,49,9,18.37,10,8.37,81.63,10,92.27,93.13,73.3,37.3,3.13,0,24.5,100,58.571
dit_3d_0_4_8:veSoleMoi,"Đít (0,4,8) - Về so le mới",dit,ve_so_le,49,9,18.37,10,8.37,81.63,10,89.47,85.33,69.21,128,-4.67,0,16.3,100,58.571
dit_3d_2_5_8:tienLienTiep,"Đít (2,5,8) - Tiến liên tiếp",dit,tien_lien_tiep,109,17,15.6,10,5.6,84.4,10,98.76,99.81,92.12,61.9,9.81,0,84.4,100,58.427
tong_moi_5_6_9:luiDeuLienTiep,"Tổng Mới (5,6,9) - Lùi Đều",tong_moi,lui_deu,20,4,20,6.95,13.05,80,6.95,91.34,90.94,65.89,33.8,-2.11,0,20,100,58.361
dit_3d_3_5_9:veSole,"Đít (3,5,9) - Về so le",dit,ve_so_le,29,6,20.69,10,10.69,79.31,10,92.13,86.19,61.7,106.9,-3.81,0,41.4,100,57.566
dau_3d_1_7_9:tienLienTiep,"Đầu (1,7,9) - Tiến liên tiếp",dau,tien_lien_tiep,64,11,17.19,10,7.19,82.81,10,94.43,96.81,82.08,62.6,6.81,0,45.3,100,57.5
hieu_2_3_5:tienDeuLienTiep,"Hiệu (2,3,5) - Tiến Đều",hieu,tien_deu,54,11,20.37,12.59,7.78,79.63,12.59,90.17,88.62,77.37,120.3,1.21,0,9.3,100,57.155
hieu_1_5_8:luiDeuLienTiep,"Hiệu (1,5,8) - Lùi Đều",hieu,lui_deu,68,9,13.24,6.32,6.91,86.76,6.32,91.05,93.32,78.6,56.9,-0.36,0,7.4,100,56.996
dit_3d_4_6_8:luiLienTiep,"Đít (4,6,8) - Lùi liên tiếp",dit,lui_lien_tiep,57,10,17.54,10,7.54,82.46,10,94.24,97.46,86.34,85.4,7.46,0,29.8,100,56.955
tong_moi_9_10_12:tienLienTiep,"Tổng Mới (9,10,12) - Tiến liên tiếp",tong_moi,tien_lien_tiep,38,7,18.42,9.21,9.21,81.58,9.21,92.83,93.87,77.91,60.4,3.08,0,18.4,100,56.777
dau_3d_0_5_7:tienDeuLienTiep,"Đầu (0,5,7) - Tiến Đều",dau,tien_deu,36,7,19.44,10,9.44,80.56,10,91.24,90.51,71.05,81.9,0.51,0,27.8,100,56.667
dit_le:tienDeuLienTiep,Đít le - Tiến Đều,dit,tien_deu,65,11,16.92,10,6.92,83.08,10,91.5,90.11,77.82,125.3,0.11,0,20,0,55.816
hieu_4_7_9:veLienTiep,"Hiệu (4,7,9) - Về liên tiếp",hieu,ve_lien_tiep,53,9,16.98,9.32,7.66,83.02,9.32,90.8,89.23,72.33,71.5,-1.45,0,15.1,100,55.768
tong_moi_9_12_13:veCungGiaTri,"Tổng Mới (9,12,13) - Về cùng giá trị",tong_moi,other,32,6,18.75,8.91,9.84,81.25,8.91,90.51,91.52,67.54,26.6,0.42,0,15.6,100,55.685
tong_moi_8_9_12:veCungGiaTri,"Tổng Mới (8,9,12) - Về cùng giá trị",tong_moi,other,32,6,18.75,8.94,9.81,81.25,8.94,90.99,92.42,72.56,42.3,1.36,0,18.8,100,55.508
tong_tt_1_3_4:tienLienTiep,"Tổng TT (1,3,4) - Tiến liên tiếp",tong_tt,tien_lien_tiep,96,15,15.63,10,5.62,84.38,10,92.25,96.63,85.95,66.4,6.63,0,9.4,100,55.114
tong_tt_7_9:tienDeuLienTiep,"Tổng TT (7,9) - Tiến Đều",tong_tt,tien_deu,30,6,20,10,10,80,10,90.43,89.04,72.41,78.2,-0.96,0,13.3,0,54.772
tong_tt_4_6_7:luiDeuLienTiep,"Tổng TT (4,6,7) - Lùi Đều",tong_tt,lui_deu,51,9,17.65,10,7.65,82.35,10,94,94.83,76.04,56.7,4.83,0,41.2,100,54.611
dit_3d_2_4_7:luiDeuLienTiep,"Đít (2,4,7) - Lùi Đều",dit,lui_deu,51,9,17.65,10,7.65,82.35,10,93.11,92.92,73.02,45.4,2.92,0,35.3,100,54.611