year,id,name,played,skipped,hits,misses,hitRate,missRate,avgExcluded,avgBet,profit,roi
2006,priority85,Ưu tiên >=85,51,39,3,48,5.88,94.12,93.86,6.14,-1030,-32.91
2006,priority90,Ưu tiên >=90,83,7,8,75,9.64,90.36,90.36,9.64,-2400,-30
2006,priority95,Ưu tiên >=95,87,3,12,75,13.79,86.21,85.76,14.24,-3990,-32.2
2006,formedPriority85,Chỉ chuỗi đã HT >=85,63,27,4,59,6.35,93.65,93.73,6.27,-1150,-29.11
2006,potentialPriority85,Chỉ chuỗi chưa HT >=85,42,48,36,6,85.71,14.29,38.38,61.62,-680,-2.63
2006,edgePositive85,Ưu tiên >=85 + edge dương,71,19,5,66,7.04,92.96,94.04,5.96,-730,-17.26
2006,lower70Priority85,Ưu tiên >=85 + lower >=70%,89,1,10,79,11.24,88.76,89.97,10.03,-1930,-21.61
2006,sample50Priority85,Ưu tiên >=85 + mẫu >=50,42,48,36,6,85.71,14.29,38.52,61.48,-620,-2.4
2006,noFixed3Priority85,"Ưu tiên >=85, bỏ nhóm 3 giá trị cố định",89,1,49,40,55.06,44.94,59.89,40.11,-1400,-3.92
2006,recordOr90,Kỷ lục hoặc ưu tiên >=90,83,7,8,75,9.64,90.36,90.36,9.64,-2400,-30
2006,ranked60to70,Xếp hạng loại 60-70 số,90,0,36,54,40,60,62.56,37.44,-8500,-25.22
2006,risk25Target75,Tổng hợp rủi ro 25 số đánh,90,0,28,62,31.11,68.89,74.78,25.22,-3100,-13.66
2007,priority85,Ưu tiên >=85,282,81,26,256,9.22,90.78,93.04,6.96,-1430,-7.28
2007,priority90,Ưu tiên >=90,345,18,56,289,16.23,83.77,89.1,10.9,1590,4.23
2007,priority95,Ưu tiên >=95,357,6,77,280,21.57,78.43,78.57,21.43,-22620,-29.56
2007,formedPriority85,Chỉ chuỗi đã HT >=85,297,66,26,271,8.75,91.25,91.92,8.08,-5790,-24.14
2007,potentialPriority85,Chỉ chuỗi chưa HT >=85,108,255,96,12,88.89,11.11,38.54,61.46,820,1.24
2007,edgePositive85,Ưu tiên >=85 + edge dương,313,50,31,282,9.9,90.1,92.27,7.73,-2510,-10.37
2007,lower70Priority85,Ưu tiên >=85 + lower >=70%,346,17,44,302,12.72,87.28,89.82,10.18,-4440,-12.6
2007,sample50Priority85,Ưu tiên >=85 + mẫu >=50,175,188,147,28,84,16,41.45,58.55,440,0.43
2007,noFixed3Priority85,"Ưu tiên >=85, bỏ nhóm 3 giá trị cố định",313,50,171,142,54.63,45.37,54.45,45.55,-22860,-16.04
2007,recordOr90,Kỷ lục hoặc ưu tiên >=90,345,18,56,289,16.23,83.77,89.1,10.9,1590,4.23
2007,ranked60to70,Xếp hạng loại 60-70 số,362,1,144,218,39.78,60.22,62.3,37.7,-35670,-26.14
2007,risk25Target75,Tổng hợp rủi ro 25 số đánh,362,1,96,266,26.52,73.48,74.93,25.07,-23570,-25.97
2008,priority85,Ưu tiên >=85,324,40,33,291,10.19,89.81,90.6,9.4,-7340,-24.11
2008,priority90,Ưu tiên >=90,343,21,44,299,12.83,87.17,87.75,12.25,-11230,-26.72
2008,priority95,Ưu tiên >=95,355,9,104,251,29.3,70.7,67.27,32.73,-43390,-37.34
2008,formedPriority85,Chỉ chuỗi đã HT >=85,331,33,33,298,9.97,90.03,89.14,10.86,-12840,-35.73
2008,potentialPriority85,Chỉ chuỗi chưa HT >=85,40,324,39,1,97.5,2.5,35.63,64.38,1550,6.02
2008,edgePositive85,Ưu tiên >=85 + edge dương,338,26,40,298,11.83,88.17,89.11,10.89,-8800,-23.91
2008,lower70Priority85,Ưu tiên >=85 + lower >=70%,356,8,49,307,13.76,86.24,86.87,13.13,-12450,-26.63
2008,sample50Priority85,Ưu tiên >=85 + mẫu >=50,219,145,148,71,67.58,32.42,42.65,57.35,-22000,-17.52
2008,noFixed3Priority85,"Ưu tiên >=85, bỏ nhóm 3 giá trị cố định",295,69,158,137,53.56,46.44,50.45,49.55,-35560,-24.33
2008,recordOr90,Kỷ lục hoặc ưu tiên >=90,343,21,44,299,12.83,87.17,87.75,12.25,-11230,-26.72
2008,ranked60to70,Xếp hạng loại 60-70 số,362,2,127,235,35.08,64.92,62.1,37.9,-48310,-35.21
2008,risk25Target75,Tổng hợp rủi ro 25 số đánh,364,0,87,277,23.9,76.1,74.84,25.16,-30700,-33.52
2009,priority85,Ưu tiên >=85,343,19,53,290,15.45,84.55,85.68,14.32,-12010,-24.46
2009,priority90,Ưu tiên >=90,353,9,78,275,22.1,77.9,81.07,18.93,-12220,-18.29
2009,priority95,Ưu tiên >=95,338,24,144,194,42.6,57.4,59,41,-37790,-27.27
2009,formedPriority85,Chỉ chuỗi đã HT >=85,346,16,51,295,14.74,85.26,84.28,15.72,-18680,-34.35
2009,potentialPriority85,Chỉ chuỗi chưa HT >=85,5,357,5,0,100,0,32,68,100,2.94
2009,edgePositive85,Ưu tiên >=85 + edge dương,349,13,63,286,18.05,81.95,83.67,16.33,-12880,-22.6
2009,lower70Priority85,Ưu tiên >=85 + lower >=70%,356,6,73,283,20.51,79.49,81.39,18.61,-15140,-22.86
2009,sample50Priority85,Ưu tiên >=85 + mẫu >=50,252,110,147,105,58.33,41.67,46.4,53.6,-32160,-23.81
2009,noFixed3Priority85,"Ưu tiên >=85, bỏ nhóm 3 giá trị cố định",266,96,142,124,53.38,46.62,48.26,51.74,-38240,-27.78
2009,recordOr90,Kỷ lục hoặc ưu tiên >=90,353,9,78,275,22.1,77.9,81.07,18.93,-12220,-18.29
2009,ranked60to70,Xếp hạng loại 60-70 số,359,3,121,238,33.7,66.3,61.86,38.14,-52240,-38.15
2009,risk25Target75,Tổng hợp rủi ro 25 số đánh,362,0,87,275,24.03,75.97,74.77,25.23,-30440,-33.33
2010,priority85,Ưu tiên >=85,351,10,65,286,18.52,81.48,84.57,15.43,-8650,-15.97
2010,priority90,Ưu tiên >=90,356,5,83,273,23.31,76.69,79.21,20.79,-15920,-21.51
2010,priority95,Ưu tiên >=95,330,31,148,182,44.85,55.15,57.52,42.48,-36600,-26.11
2010,formedPriority85,Chỉ chuỗi đã HT >=85,350,11,64,286,18.29,81.71,82.9,17.1,-15060,-25.16
2010,potentialPriority85,Chỉ chuỗi chưa HT >=85,0,361,0,0,0,0,0,0,0,0
2010,edgePositive85,Ưu tiên >=85 + edge dương,354,7,80,274,22.6,77.4,81.86,18.14,-8210,-12.79
2010,lower70Priority85,Ưu tiên >=85 + lower >=70%,356,5,86,270,24.16,75.84,79.97,20.03,-11110,-15.58
2010,sample50Priority85,Ưu tiên >=85 + mẫu >=50,336,25,161,175,47.92,52.08,58.82,41.18,-25650,-18.54
2010,noFixed3Priority85,"Ưu tiên >=85, bỏ nhóm 3 giá trị cố định",239,122,138,101,57.74,42.26,45.82,54.18,-32880,-25.39
2010,recordOr90,Kỷ lục hoặc ưu tiên >=90,356,5,83,273,23.31,76.69,79.21,20.79,-15920,-21.51
2010,ranked60to70,Xếp hạng loại 60-70 số,359,2,142,217,39.55,60.45,61.6,38.4,-38460,-27.9
2010,risk25Target75,Tổng hợp rủi ro 25 số đánh,360,1,87,273,24.17,75.83,74.53,25.47,-30780,-33.57
2011,priority85,Ưu tiên >=85,353,6,59,294,16.71,83.29,82.72,17.28,-19700,-32.3
2011,priority90,Ưu tiên >=90,353,6,86,267,24.36,75.64,75.58,24.42,-26010,-30.17
2011,priority95,Ưu tiên >=95,321,38,153,168,47.66,52.34,52.67,47.33,-44820,-29.5
2011,formedPriority85,Chỉ chuỗi đã HT >=85,352,7,57,295,16.19,83.81,80.58,19.42,-28460,-41.63
2011,potentialPriority85,Chỉ chuỗi chưa HT >=85,1,358,1,0,100,0,30,70,0,0
2011,edgePositive85,Ưu tiên >=85 + edge dương,354,5,73,281,20.62,79.38,79.3,20.7,-22180,-30.27
2011,lower70Priority85,Ưu tiên >=85 + lower >=70%,353,6,74,279,20.96,79.04,78.6,21.4,-23750,-31.44
2011,sample50Priority85,Ưu tiên >=85 + mẫu >=50,349,10,114,235,32.66,67.34,68.79,31.21,-29110,-26.73
2011,noFixed3Priority85,"Ưu tiên >=85, bỏ nhóm 3 giá trị cố định",238,121,145,93,60.92,39.08,44.99,55.01,-29430,-22.48
2011,recordOr90,Kỷ lục hoặc ưu tiên >=90,353,6,86,267,24.36,75.64,75.58,24.42,-26010,-30.17
2011,ranked60to70,Xếp hạng loại 60-70 số,355,4,135,220,38.03,61.97,61.61,38.39,-41770,-30.65
2011,risk25Target75,Tổng hợp rủi ro 25 số đánh,357,2,76,281,21.29,78.71,74.63,25.37,-37360,-41.25
2012,priority85,Ưu tiên >=85,358,4,73,285,20.39,79.61,79.27,20.73,-23110,-31.14
2012,priority90,Ưu tiên >=90,352,10,94,258,26.7,73.3,71.47,28.53,-34610,-34.47
2012,priority95,Ưu tiên >=95,303,59,151,152,49.83,50.17,49.83,50.17,-46320,-30.47
2012,formedPriority85,Chỉ chuỗi đã HT >=85,355,7,72,283,20.28,79.72,77.44,22.56,-29690,-37.07
2012,potentialPriority85,Chỉ chuỗi chưa HT >=85,1,361,1,0,100,0,40,60,100,16.67
2012,edgePositive85,Ưu tiên >=85 + edge dương,358,4,96,262,26.82,73.18,74.81,25.19,-22980,-25.48
2012,lower70Priority85,Ưu tiên >=85 + lower >=70%,355,7,93,262,26.2,73.8,74.96,25.04,-23780,-26.76
2012,sample50Priority85,Ưu tiên >=85 + mẫu >=50,351,11,122,229,34.76,65.24,68.4,31.6,-25500,-22.99
2012,noFixed3Priority85,"Ưu tiên >=85, bỏ nhóm 3 giá trị cố định",238,124,131,107,55.04,44.96,44.85,55.15,-39550,-30.13
2012,recordOr90,Kỷ lục hoặc ưu tiên >=90,352,10,94,258,26.7,73.3,71.47,28.53,-34610,-34.47
2012,ranked60to70,Xếp hạng loại 60-70 số,359,3,136,223,37.88,62.12,61.14,38.86,-44300,-31.76
2012,risk25Target75,Tổng hợp rủi ro 25 số đánh,362,0,87,275,24.03,75.97,74.45,25.55,-31600,-34.16
2013,priority85,Ưu tiên >=85,357,4,84,273,23.53,76.47,78.24,21.76,-18880,-24.3
2013,priority90,Ưu tiên >=90,352,9,130,222,36.93,63.07,68.46,31.54,-20010,-18.03
2013,priority95,Ưu tiên >=95,283,78,159,124,56.18,43.82,47.55,52.45,-37140,-25.02
2013,formedPriority85,Chỉ chuỗi đã HT >=85,356,5,83,273,23.31,76.69,75.67,24.33,-28530,-32.93
2013,potentialPriority85,Chỉ chuỗi chưa HT >=85,1,360,1,0,100,0,31,69,10,1.45
2013,edgePositive85,Ưu tiên >=85 + edge dương,356,5,107,249,30.06,69.94,73.54,26.46,-19290,-20.48
2013,lower70Priority85,Ưu tiên >=85 + lower >=70%,358,3,103,255,28.77,71.23,73.77,26.23,-21800,-23.22
2013,sample50Priority85,Ưu tiên >=85 + mẫu >=50,355,6,134,221,37.75,62.25,67.67,32.33,-20980,-18.28
2013,noFixed3Priority85,"Ưu tiên >=85, bỏ nhóm 3 giá trị cố định",204,157,126,78,61.76,38.24,42.74,57.26,-28610,-24.49
2013,recordOr90,Kỷ lục hoặc ưu tiên >=90,352,9,130,222,36.93,63.07,68.46,31.54,-20010,-18.03
2013,ranked60to70,Xếp hạng loại 60-70 số,358,3,140,218,39.11,60.89,61.33,38.67,-40440,-29.21
2013,risk25Target75,Tổng hợp rủi ro 25 số đánh,359,2,90,269,25.07,74.93,74.74,25.26,-27690,-30.53
2014,priority85,Ưu tiên >=85,357,4,101,256,28.29,71.71,76.25,23.75,-14090,-16.62
2014,priority90,Ưu tiên >=90,351,10,139,212,39.6,60.4,64.82,35.18,-26180,-21.2
2014,priority95,Ưu tiên >=95,263,98,150,113,57.03,42.97,45.92,54.08,-37230,-26.18
2014,formedPriority85,Chỉ chuỗi đã HT >=85,356,5,103,253,28.93,71.07,73.57,26.43,-21980,-23.36
2014,potentialPriority85,Chỉ chuỗi chưa HT >=85,0,361,0,0,0,0,0,0,0,0
2014,edgePositive85,Ưu tiên >=85 + edge dương,355,6,121,234,34.08,65.92,70.57,29.43,-19760,-18.92
2014,lower70Priority85,Ưu tiên >=85 + lower >=70%,356,5,121,235,33.99,66.01,72.01,27.99,-14960,-15.01
2014,sample50Priority85,Ưu tiên >=85 + mẫu >=50,352,9,144,208,40.91,59.09,66.19,33.81,-18210,-15.3
2014,noFixed3Priority85,"Ưu tiên >=85, bỏ nhóm 3 giá trị cố định",189,172,121,68,64.02,35.98,42.86,57.14,-23300,-21.57
2014,recordOr90,Kỷ lục hoặc ưu tiên >=90,351,10,139,212,39.6,60.4,64.82,35.18,-26180,-21.2
2014,ranked60to70,Xếp hạng loại 60-70 số,358,3,145,213,40.5,59.5,60.94,39.06,-38330,-27.41
2014,risk25Target75,Tổng hợp rủi ro 25 số đánh,361,0,90,271,24.93,75.07,74.7,25.3,-28330,-31.02
2015,priority85,Ưu tiên >=85,355,6,90,265,25.35,74.65,75.81,24.19,-22870,-26.63
2015,priority90,Ưu tiên >=90,352,9,126,226,35.8,64.2,64.03,35.97,-38430,-30.35
2015,priority95,Ưu tiên >=95,251,110,120,131,47.81,52.19,48.02,51.98,-46480,-35.62
2015,formedPriority85,Chỉ chuỗi đã HT >=85,355,6,90,265,25.35,74.65,73.2,26.8,-32130,-33.77
2015,potentialPriority85,Chỉ chuỗi chưa HT >=85,0,361,0,0,0,0,0,0,0,0
2015,edgePositive85,Ưu tiên >=85 + edge dương,356,5,112,244,31.46,68.54,70.22,29.78,-27600,-26.04
2015,lower70Priority85,Ưu tiên >=85 + lower >=70%,358,3,113,245,31.56,68.44,70.66,29.34,-25930,-24.69
2015,sample50Priority85,Ưu tiên >=85 + mẫu >=50,355,6,137,218,38.59,61.41,64.67,35.33,-29520,-23.54
2015,noFixed3Priority85,"Ưu tiên >=85, bỏ nhóm 3 giá trị cố định",208,153,122,86,58.65,41.35,46.1,53.9,-26710,-23.82
2015,recordOr90,Kỷ lục hoặc ưu tiên >=90,352,9,126,226,35.8,64.2,64.03,35.97,-38430,-30.35
2015,ranked60to70,Xếp hạng loại 60-70 số,358,3,137,221,38.27,61.73,61.09,38.91,-43400,-31.16
2015,risk25Target75,Tổng hợp rủi ro 25 số đánh,361,0,85,276,23.55,76.45,74.81,25.19,-31450,-34.58
2016,priority85,Ưu tiên >=85,359,3,96,263,26.74,73.26,73.06,26.94,-29500,-30.51
2016,priority90,Ưu tiên >=90,347,15,139,208,40.06,59.94,60.92,39.08,-38310,-28.25
2016,priority95,Ưu tiên >=95,223,139,119,104,53.36,46.64,44.78,55.22,-39830,-32.35
2016,formedPriority85,Chỉ chuỗi đã HT >=85,357,5,100,257,28.01,71.99,70.42,29.58,-35590,-33.71
2016,potentialPriority85,Chỉ chuỗi chưa HT >=85,0,362,0,0,0,0,0,0,0,0
2016,edgePositive85,Ưu tiên >=85 + edge dương,358,4,123,235,34.36,65.64,66.85,33.15,-32580,-27.45
2016,lower70Priority85,Ưu tiên >=85 + lower >=70%,358,4,119,239,33.24,66.76,68.7,31.3,-28740,-25.65
2016,sample50Priority85,Ưu tiên >=85 + mẫu >=50,354,8,135,219,38.14,61.86,62.76,37.24,-37330,-28.32
2016,noFixed3Priority85,"Ưu tiên >=85, bỏ nhóm 3 giá trị cố định",204,158,113,91,55.39,44.61,44.08,55.92,-34970,-30.66
2016,recordOr90,Kỷ lục hoặc ưu tiên >=90,347,15,139,208,40.06,59.94,60.92,39.08,-38310,-28.25
2016,ranked60to70,Xếp hạng loại 60-70 số,360,2,145,215,40.28,59.72,60.51,39.49,-40650,-28.6
2016,risk25Target75,Tổng hợp rủi ro 25 số đánh,362,0,92,270,25.41,74.59,74.75,25.25,-27010,-29.55
2017,priority85,Ưu tiên >=85,358,3,100,258,27.93,72.07,73.36,26.64,-25360,-26.59
2017,priority90,Ưu tiên >=90,350,11,148,202,42.29,57.71,60.31,39.69,-35300,-25.41
2017,priority95,Ưu tiên >=95,230,131,131,99,56.96,43.04,44.68,55.32,-35540,-27.93
2017,formedPriority85,Chỉ chuỗi đã HT >=85,358,3,101,257,28.21,71.79,70.86,29.14,-33610,-32.22
2017,potentialPriority85,Chỉ chuỗi chưa HT >=85,0,361,0,0,0,0,0,0,0,0
2017,edgePositive85,Ưu tiên >=85 + edge dương,354,7,123,231,34.75,65.25,66.78,33.22,-31500,-26.79
2017,lower70Priority85,Ưu tiên >=85 + lower >=70%,357,4,115,242,32.21,67.79,68.78,31.22,-30960,-27.78
2017,sample50Priority85,Ưu tiên >=85 + mẫu >=50,357,4,139,218,38.94,61.06,62.7,37.3,-35850,-26.92
2017,noFixed3Priority85,"Ưu tiên >=85, bỏ nhóm 3 giá trị cố định",188,173,116,72,61.7,38.3,43.7,56.3,-24650,-23.29
2017,recordOr90,Kỷ lục hoặc ưu tiên >=90,350,11,148,202,42.29,57.71,60.31,39.69,-35300,-25.41
2017,ranked60to70,Xếp hạng loại 60-70 số,359,2,150,209,41.78,58.22,60.63,39.37,-36340,-25.71
2017,risk25Target75,Tổng hợp rủi ro 25 số đánh,361,0,96,265,26.59,73.41,74.73,25.27,-24010,-26.32
2018,priority85,Ưu tiên >=85,359,2,99,260,27.58,72.42,73.26,26.74,-26690,-27.8
2018,priority90,Ưu tiên >=90,345,16,144,201,41.74,58.26,58.98,41.02,-40710,-28.77
2018,priority95,Ưu tiên >=95,214,147,115,99,53.74,46.26,44.12,55.88,-39090,-32.69
2018,formedPriority85,Chỉ chuỗi đã HT >=85,356,5,100,256,28.09,71.91,70.81,29.19,-33930,-32.65
2018,potentialPriority85,Chỉ chuỗi chưa HT >=85,0,361,0,0,0,0,0,0,0,0
2018,edgePositive85,Ưu tiên >=85 + edge dương,355,6,129,226,36.34,63.66,67.01,32.99,-26800,-22.89
2018,lower70Priority85,Ưu tiên >=85 + lower >=70%,356,5,113,243,31.74,68.26,69.12,30.88,-30830,-28.05
2018,sample50Priority85,Ưu tiên >=85 + mẫu >=50,354,7,130,224,36.72,63.28,63.75,36.25,-37320,-29.08
2018,noFixed3Priority85,"Ưu tiên >=85, bỏ nhóm 3 giá trị cố định",182,179,106,76,58.24,41.76,44.31,55.69,-27160,-26.8
2018,recordOr90,Kỷ lục hoặc ưu tiên >=90,345,16,144,201,41.74,58.26,58.98,41.02,-40710,-28.77
2018,ranked60to70,Xếp hạng loại 60-70 số,359,2,139,220,38.72,61.28,60.74,39.26,-43640,-30.96
2018,risk25Target75,Tổng hợp rủi ro 25 số đánh,361,0,87,274,24.1,75.9,74.92,25.08,-29630,-32.73
2019,priority85,Ưu tiên >=85,357,4,112,245,31.37,68.63,73.4,26.6,-16570,-17.45
2019,priority90,Ưu tiên >=90,348,13,149,199,42.82,57.18,59.45,40.55,-36830,-26.1
2019,priority95,Ưu tiên >=95,218,143,127,91,58.26,41.74,44.42,55.58,-32270,-26.63
2019,formedPriority85,Chỉ chuỗi đã HT >=85,355,6,112,243,31.55,68.45,70.46,29.54,-26480,-25.25
2019,potentialPriority85,Chỉ chuỗi chưa HT >=85,1,360,1,0,100,0,30,70,0,0
2019,edgePositive85,Ưu tiên >=85 + edge dương,356,5,137,219,38.48,61.52,66.93,33.07,-21820,-18.54
2019,lower70Priority85,Ưu tiên >=85 + lower >=70%,356,5,124,232,34.83,65.17,69.58,30.42,-21480,-19.84
2019,sample50Priority85,Ưu tiên >=85 + mẫu >=50,351,10,136,215,38.75,61.25,64.84,35.16,-28200,-22.85
2019,noFixed3Priority85,"Ưu tiên >=85, bỏ nhóm 3 giá trị cố định",187,174,111,76,59.36,40.64,45.11,54.89,-24940,-24.3
2019,recordOr90,Kỷ lục hoặc ưu tiên >=90,348,13,149,199,42.82,57.18,59.45,40.55,-36830,-26.1
2019,ranked60to70,Xếp hạng loại 60-70 số,358,3,153,205,42.74,57.26,60.28,39.72,-35080,-24.67
2019,risk25Target75,Tổng hợp rủi ro 25 số đánh,361,0,96,265,26.59,73.41,74.7,25.3,-24140,-26.43
2020,priority85,Ưu tiên >=85,330,10,113,217,34.24,65.76,69.23,30.77,-22440,-22.1
2020,priority90,Ưu tiên >=90,312,28,150,162,48.08,51.92,55.58,44.42,-33600,-24.24
2020,priority95,Ưu tiên >=95,164,176,99,65,60.37,39.63,43.88,56.12,-22740,-24.71
2020,formedPriority85,Chỉ chuỗi đã HT >=85,328,12,112,216,34.15,65.85,66.24,33.76,-32340,-29.2
2020,potentialPriority85,Chỉ chuỗi chưa HT >=85,0,340,0,0,0,0,0,0,0,0
2020,edgePositive85,Ưu tiên >=85 + edge dương,328,12,131,197,39.94,60.06,62.73,37.27,-30540,-24.98
2020,lower70Priority85,Ưu tiên >=85 + lower >=70%,328,12,130,198,39.63,60.37,65.52,34.48,-22110,-19.55
2020,sample50Priority85,Ưu tiên >=85 + mẫu >=50,325,15,149,176,45.85,54.15,60.15,39.85,-25220,-19.47
2020,noFixed3Priority85,"Ưu tiên >=85, bỏ nhóm 3 giá trị cố định",165,175,104,61,63.03,36.97,43.64,56.36,-20190,-21.71
2020,recordOr90,Kỷ lục hoặc ưu tiên >=90,312,28,150,162,48.08,51.92,55.58,44.42,-33600,-24.24
2020,ranked60to70,Xếp hạng loại 60-70 số,331,9,147,184,44.41,55.59,59.63,40.37,-30710,-22.98
2020,risk25Target75,Tổng hợp rủi ro 25 số đánh,340,0,81,259,23.82,76.18,74.52,25.48,-29920,-34.54
2021,priority85,Ưu tiên >=85,351,10,119,232,33.9,66.1,69.78,30.22,-22770,-21.47
2021,priority90,Ưu tiên >=90,332,29,163,169,49.1,50.9,56.1,43.9,-31650,-21.72
2021,priority95,Ưu tiên >=95,178,183,108,70,60.67,39.33,42.96,57.04,-25940,-25.55
2021,formedPriority85,Chỉ chuỗi đã HT >=85,345,16,117,228,33.91,66.09,67.03,32.97,-31860,-28.01
2021,potentialPriority85,Chỉ chuỗi chưa HT >=85,0,361,0,0,0,0,0,0,0,0
2021,edgePositive85,Ưu tiên >=85 + edge dương,345,16,144,201,41.74,58.26,63.66,36.34,-24590,-19.61
2021,lower70Priority85,Ưu tiên >=85 + lower >=70%,349,12,127,222,36.39,63.61,66.69,33.31,-27360,-23.53
2021,sample50Priority85,Ưu tiên >=85 + mẫu >=50,346,15,150,196,43.35,56.65,61.25,38.75,-29060,-21.68
2021,noFixed3Priority85,"Ưu tiên >=85, bỏ nhóm 3 giá trị cố định",161,200,110,51,68.32,31.68,43.57,56.43,-13860,-15.25
2021,recordOr90,Kỷ lục hoặc ưu tiên >=90,332,29,163,169,49.1,50.9,56.1,43.9,-31650,-21.72
2021,ranked60to70,Xếp hạng loại 60-70 số,352,9,148,204,42.05,57.95,59.59,40.41,-38660,-27.18
2021,risk25Target75,Tổng hợp rủi ro 25 số đánh,361,0,91,270,25.21,74.79,74.57,25.43,-28120,-30.63
2022,priority85,Ưu tiên >=85,356,5,129,227,36.24,63.76,70.39,29.61,-15120,-14.34
2022,priority90,Ưu tiên >=90,325,36,174,151,53.54,46.46,56.52,43.48,-19510,-13.81
2022,priority95,Ưu tiên >=95,181,180,118,63,65.19,34.81,43.18,56.82,-20250,-19.69
2022,formedPriority85,Chỉ chuỗi đã HT >=85,352,9,128,224,36.36,63.64,67.74,32.26,-23970,-21.11
2022,potentialPriority85,Chỉ chuỗi chưa HT >=85,0,361,0,0,0,0,0,0,0,0
2022,edgePositive85,Ưu tiên >=85 + edge dương,351,10,154,197,43.87,56.13,64.32,35.68,-17430,-13.92
2022,lower70Priority85,Ưu tiên >=85 + lower >=70%,354,7,144,210,40.68,59.32,67.21,32.79,-15280,-13.16
2022,sample50Priority85,Ưu tiên >=85 + mẫu >=50,349,12,151,198,43.27,56.73,62.56,37.44,-24980,-19.12
2022,noFixed3Priority85,"Ưu tiên >=85, bỏ nhóm 3 giá trị cố định",166,195,113,53,68.07,31.93,43.44,56.56,-14790,-15.75
2022,recordOr90,Kỷ lục hoặc ưu tiên >=90,325,36,174,151,53.54,46.46,56.52,43.48,-19510,-13.81
2022,ranked60to70,Xếp hạng loại 60-70 số,356,5,168,188,47.19,52.81,59.69,40.31,-25900,-18.05
2022,risk25Target75,Tổng hợp rủi ro 25 số đánh,361,0,104,257,28.81,71.19,74.7,25.3,-18530,-20.29
2023,priority85,Ưu tiên >=85,355,6,115,240,32.39,67.61,71.53,28.47,-20580,-20.36
2023,priority90,Ưu tiên >=90,341,20,164,177,48.09,51.91,55.89,44.11,-35610,-23.68
2023,priority95,Ưu tiên >=95,175,186,90,85,51.43,48.57,43.93,56.07,-35120,-35.79
2023,formedPriority85,Chỉ chuỗi đã HT >=85,353,8,113,240,32.01,67.99,69.37,30.63,-29040,-26.85
2023,potentialPriority85,Chỉ chuỗi chưa HT >=85,0,361,0,0,0,0,0,0,0,0
2023,edgePositive85,Ưu tiên >=85 + edge dương,349,12,136,213,38.97,61.03,65.57,34.43,-24950,-20.77
2023,lower70Priority85,Ưu tiên >=85 + lower >=70%,350,11,124,226,35.43,64.57,68.94,31.06,-21920,-20.16
2023,sample50Priority85,Ưu tiên >=85 + mẫu >=50,348,13,139,209,39.94,60.06,63.95,36.05,-28140,-22.43
2023,noFixed3Priority85,"Ưu tiên >=85, bỏ nhóm 3 giá trị cố định",176,185,107,69,60.8,39.2,42.29,57.71,-26670,-26.26
2023,recordOr90,Kỷ lục hoặc ưu tiên >=90,341,20,164,177,48.09,51.91,55.89,44.11,-35610,-23.68
2023,ranked60to70,Xếp hạng loại 60-70 số,355,6,149,206,41.97,58.03,60.07,39.93,-37460,-26.42
2023,risk25Target75,Tổng hợp rủi ro 25 số đánh,361,0,88,273,24.38,75.62,74.7,25.3,-29750,-32.57
2024,priority85,Ưu tiên >=85,359,3,114,245,31.75,68.25,71.38,28.62,-22940,-22.33
2024,priority90,Ưu tiên >=90,341,21,158,183,46.33,53.67,56.79,43.21,-36760,-24.95
2024,priority95,Ưu tiên >=95,188,174,109,79,57.98,42.02,42.95,57.05,-30950,-28.86
2024,formedPriority85,Chỉ chuỗi đã HT >=85,358,4,113,245,31.56,68.44,68.78,31.22,-32670,-29.23
2024,potentialPriority85,Chỉ chuỗi chưa HT >=85,0,362,0,0,0,0,0,0,0,0
2024,edgePositive85,Ưu tiên >=85 + edge dương,355,7,140,215,39.44,60.56,64.33,35.67,-28630,-22.61
2024,lower70Priority85,Ưu tiên >=85 + lower >=70%,358,4,122,236,34.08,65.92,68.02,31.98,-29090,-25.41
2024,sample50Priority85,Ưu tiên >=85 + mẫu >=50,357,5,141,216,39.5,60.5,62.91,37.09,-33710,-25.46
2024,noFixed3Priority85,"Ưu tiên >=85, bỏ nhóm 3 giá trị cố định",198,164,120,78,60.61,39.39,42.69,57.31,-29470,-25.97
2024,recordOr90,Kỷ lục hoặc ưu tiên >=90,341,21,158,183,46.33,53.67,56.79,43.21,-36760,-24.95
2024,ranked60to70,Xếp hạng loại 60-70 số,359,3,148,211,41.23,58.77,60.12,39.88,-39560,-27.63
2024,risk25Target75,Tổng hợp rủi ro 25 số đánh,362,0,89,273,24.59,75.41,74.79,25.21,-28970,-31.74
2025,priority85,Ưu tiên >=85,357,4,117,240,32.77,67.23,69.82,30.18,-25850,-23.99
2025,priority90,Ưu tiên >=90,328,33,153,175,46.65,53.35,55.95,44.05,-37370,-25.87
2025,priority95,Ưu tiên >=95,178,183,111,67,62.36,37.64,42.6,57.4,-24470,-23.95
2025,formedPriority85,Chỉ chuỗi đã HT >=85,354,7,117,237,33.05,66.95,67.4,32.6,-33490,-29.02
2025,potentialPriority85,Chỉ chuỗi chưa HT >=85,0,361,0,0,0,0,0,0,0,0
2025,edgePositive85,Ưu tiên >=85 + edge dương,353,8,140,213,39.66,60.34,63.02,36.98,-32540,-24.93
2025,lower70Priority85,Ưu tiên >=85 + lower >=70%,354,7,128,226,36.16,63.84,67.02,32.98,-27160,-23.26
2025,sample50Priority85,Ưu tiên >=85 + mẫu >=50,347,14,136,211,39.19,60.81,62.95,37.05,-33350,-25.94
2025,noFixed3Priority85,"Ưu tiên >=85, bỏ nhóm 3 giá trị cố định",159,202,94,65,59.12,40.88,44.61,55.39,-22270,-25.29
2025,recordOr90,Kỷ lục hoặc ưu tiên >=90,328,33,153,175,46.65,53.35,55.95,44.05,-37370,-25.87
2025,ranked60to70,Xếp hạng loại 60-70 số,358,3,155,203,43.3,56.7,59.41,40.59,-36830,-25.34
2025,risk25Target75,Tổng hợp rủi ro 25 số đánh,361,0,85,276,23.55,76.45,74.65,25.35,-32000,-34.97
2026,priority85,Ưu tiên >=85,132,2,44,88,33.33,66.67,70.67,29.33,-7920,-20.45
2026,priority90,Ưu tiên >=90,129,5,64,65,49.61,50.39,54.51,45.49,-13880,-23.65
2026,priority95,Ưu tiên >=95,73,61,49,24,67.12,32.88,40.73,59.27,-8970,-20.73
2026,formedPriority85,Chỉ chuỗi đã HT >=85,131,3,44,87,33.59,66.41,68.05,31.95,-11050,-26.4
2026,potentialPriority85,Chỉ chuỗi chưa HT >=85,0,134,0,0,0,0,0,0,0,0
2026,edgePositive85,Ưu tiên >=85 + edge dương,132,2,56,76,42.42,57.58,63.23,36.77,-9340,-19.24
2026,lower70Priority85,Ưu tiên >=85 + lower >=70%,132,2,46,86,34.85,65.15,67.42,32.58,-10800,-25.12
2026,sample50Priority85,Ưu tiên >=85 + mẫu >=50,132,2,53,79,40.15,59.85,62.56,37.44,-12320,-24.93
2026,noFixed3Priority85,"Ưu tiên >=85, bỏ nhóm 3 giá trị cố định",67,67,42,25,62.69,37.31,43.03,56.97,-8770,-22.98
2026,recordOr90,Kỷ lục hoặc ưu tiên >=90,129,5,64,65,49.61,50.39,54.51,45.49,-13880,-23.65
2026,ranked60to70,Xếp hạng loại 60-70 số,132,2,56,76,42.42,57.58,59.85,40.15,-13800,-26.04
2026,risk25Target75,Tổng hợp rủi ro 25 số đánh,133,1,35,98,26.32,73.68,74.86,25.14,-8940,-26.73