bet_count,days,total_hits,avg_hits,hit_rate,at_least_2_rate,profit_day_rate,profit_k,roi,positive_year_segments,total_year_segments,worst_year,worst_year_profit_k,longest_loss
1,3590,1113,0.31002785515320336,0.27158774373259054,0.03454038997214485,0.27158774373259054,1006000,0.12737401873892124,8,11,2024,-92400,19
2,3590,2168,0.6038997214484679,0.46072423398328693,0.12061281337047354,0.46072423398328693,1548000,0.09799949354266903,8,11,2021,-68400,11
3,3590,3200,0.8913649025069638,0.6008356545961003,0.22562674094707522,0.6008356545961003,1906000,0.08044230606904701,11,11,2020,20000,8
4,3590,4250,1.1838440111420614,0.7027855153203343,0.34289693593314763,0.34289693593314763,2408000,0.0762218283109648,11,11,2020,8000,17
5,3590,5233,1.4576601671309193,0.7796657381615599,0.43899721448467965,0.43899721448467965,2374000,0.06011648518612307,9,11,2024,-62000,11
6,3590,6203,1.7278551532033426,0.8395543175487465,0.5286908077994429,0.5286908077994429,2236000,0.047184941335359165,10,11,2020,-104000,9
7,3590,7239,2.016434540389972,0.8846796657381616,0.6061281337047354,0.6061281337047354,2626000,0.04749846254024527,10,11,2020,-28000,9
8,3590,8244,2.2963788300835652,0.9167130919220056,0.6841225626740947,0.403899721448468,2768000,0.04380855912889339,10,11,2020,-112000,15
9,3590,9303,2.591364902506964,0.9417827298050139,0.7462395543175487,0.48802228412256266,3342000,0.04701612222503587,11,11,2020,4000,9
10,3590,10315,2.8732590529247912,0.9579387186629527,0.7986072423398328,0.5612813370473537,3540000,0.04482147379083312,10,11,2024,-12000,8
11,3590,11300,3.147632311977716,0.9693593314763231,0.8440111420612814,0.3785515320334262,3522000,0.04053960726536062,10,11,2024,-400,13
12,3590,12353,3.4409470752089137,0.9799442896935933,0.8779944289693593,0.4551532033426184,4048000,0.04271123491179202,11,11,2017,21600,12
13,3590,13331,3.7133704735376045,0.9846796657381616,0.9077994428969359,0.518941504178273,3974000,0.03870502756296628,10,11,2017,-20600,9
14,3590,14351,3.9974930362116994,0.9888579387186629,0.9311977715877438,0.5818941504178273,4236000,0.038309879535506276,11,11,2017,65200,9
15,3590,15326,4.269080779944289,0.9916434540389972,0.9476323119777159,0.41977715877437327,4138000,0.03492867392588841,11,11,2017,7000,13
16,3590,16154,4.499721448467967,0.9947075208913649,0.9576601671309192,0.4690807799442897,2864000,0.022663965560901493,9,11,2017,-91200,10
17,3590,17027,4.742896935933148,0.9974930362116992,0.9674094707520892,0.5200557103064067,1950000,0.014523408755753505,8,11,2017,-317400,7
18,3590,17969,5.005292479108635,0.9977715877437325,0.9757660167130919,0.5713091922005571,1588000,0.011170197799724262,7,11,2017,-439600,7
19,3590,18905,5.266016713091922,0.9986072423398329,0.9818941504178273,0.43119777158774375,1178000,0.00785008863003292,8,11,2017,-409800,13
20,3590,19803,5.516155988857939,0.9991643454038998,0.9869080779944289,0.4813370473537604,464000,0.0029374525196252214,5,11,2017,-492000,13
21,3590,20662,5.755431754874651,0.9991643454038998,0.9896935933147633,0.5289693593314764,-562000,-0.0033884407143460068,4,11,2017,-518200,12
22,3590,21562,6.006128133704736,0.9997214484679666,0.9922005571030641,0.39303621169916436,-1260000,-0.007251548147977624,3,11,2017,-664400,13
23,3590,22528,6.275208913649025,1,0.9947075208913649,0.4384401114206128,-1430000,-0.00787210851398813,5,11,2017,-794600,13
24,3590,23434,6.527576601671309,1,0.9969359331476323,0.4863509749303621,-2080000,-0.010973242171013758,3,11,2017,-796800,10
25,3590,24336,6.77883008356546,1,0.998050139275766,0.532033426183844,-2762000,-0.013988351481387693,3,11,2017,-903000,10
26,3590,25237,7.029805013927577,1,0.9983286908077994,0.40362116991643454,-3452000,-0.0168104875625767,1,11,2017,-865200,13
27,3590,26171,7.2899721448467965,1,0.9983286908077994,0.449025069637883,-3878000,-0.018185569717603142,2,11,2021,-883400,11
28,3590,27049,7.534540389972145,1,0.9986072423398329,0.4885793871866295,-4752000,-0.02148826104257859,1,11,2017,-909600,11
29,3590,27972,7.791643454038997,1,0.9986072423398329,0.5331476323119777,-5266000,-0.022991416421442354,1,11,2017,-1079800,10
